Order_ID,Order_Date,Region,Category,Product,Units_Sold,Unit_Price,Discount,Revenue,Cost,Profit
ORD-0001,2025-11-24,Northeast,Technology,Mechanical Keyboard,4,79.99,0,319.96,156.0,163.96
ORD-0002,2025-03-13,Northeast,Furniture,Office Chair,10,189.99,0.05,1804.9,1050.0,754.9
ORD-0003,2025-01-17,Northeast,Technology,Wireless Mouse,4,29.99,0.1,107.96,52.0,55.96
ORD-0004,2025-11-05,Northeast,Furniture,Standing Desk,12,329.99,0.15,3365.9,2460.0,905.9
ORD-0005,2025-12-26,West,Technology,USB-C Hub,10,44.99,0,449.9,200.0,249.9
ORD-0006,2025-01-04,Southeast,Furniture,Desk Lamp,6,39.99,0,239.94,108.0,131.94
ORD-0007,2025-03-21,Southeast,Office Supplies,Notebook Pack,2,14.99,0.05,28.48,12.0,16.48
ORD-0008,2025-02-19,Central,Office Supplies,Printer Paper,1,11.99,0.15,10.19,5.0,5.19
ORD-0009,2025-08-24,Northeast,Office Supplies,Notebook Pack,9,14.99,0,134.91,54.0,80.91
ORD-0010,2025-11-18,Central,Furniture,Standing Desk,12,329.99,0,3959.88,2460.0,1499.88
ORD-0011,2025-01-24,Southeast,Office Supplies,Notebook Pack,4,14.99,0,59.96,24.0,35.96
ORD-0012,2025-07-14,Central,Office Supplies,Printer Paper,3,11.99,0,35.97,15.0,20.97
ORD-0013,2025-07-01,Southeast,Furniture,Bookshelf,12,119.99,0.15,1223.9,816.0,407.9
ORD-0014,2025-11-28,Northeast,Furniture,Standing Desk,9,329.99,0.15,2524.42,1845.0,679.42
ORD-0015,2025-05-06,Southeast,Office Supplies,Gel Pen Set,5,9.99,0.15,42.46,17.5,24.96
ORD-0016,2025-12-19,Southeast,Furniture,Bookshelf,1,119.99,0,119.99,68.0,51.99
ORD-0017,2025-01-17,Central,Office Supplies,Printer Paper,2,11.99,0,23.98,10.0,13.98
ORD-0018,2025-10-18,Central,Technology,USB-C Hub,7,44.99,0.15,267.69,140.0,127.69
ORD-0019,2025-08-23,Southeast,Office Supplies,Desk Organizer,4,24.99,0.15,84.97,40.0,44.97
ORD-0020,2025-10-15,Central,Furniture,Desk Lamp,10,39.99,0.05,379.91,180.0,199.91
ORD-0021,2025-07-05,Southeast,Technology,USB-C Hub,2,44.99,0,89.98,40.0,49.98
ORD-0022,2025-02-26,Southeast,Furniture,Standing Desk,11,329.99,0.05,3448.4,2255.0,1193.4
ORD-0023,2025-11-02,Northeast,Office Supplies,Gel Pen Set,10,9.99,0.05,94.91,35.0,59.91
ORD-0024,2025-09-28,Central,Furniture,Office Chair,11,189.99,0.15,1776.41,1155.0,621.41
ORD-0025,2025-02-28,Central,Furniture,Bookshelf,2,119.99,0,239.98,136.0,103.98
ORD-0026,2025-08-11,Southeast,Office Supplies,Notebook Pack,12,14.99,0.15,152.9,72.0,80.9
ORD-0027,2025-05-15,Southeast,Furniture,Office Chair,11,189.99,0,2089.89,1155.0,934.89
ORD-0028,2025-11-24,Southeast,Technology,Mechanical Keyboard,3,79.99,0.1,215.97,117.0,98.97
ORD-0029,2025-09-29,Northeast,Furniture,Bookshelf,8,119.99,0,959.92,544.0,415.92
ORD-0030,2025-02-27,Central,Office Supplies,Desk Organizer,1,24.99,0,24.99,10.0,14.99
ORD-0031,2025-10-18,Northeast,Technology,USB-C Hub,2,44.99,0.1,80.98,40.0,40.98
ORD-0032,2025-03-06,Southeast,Furniture,Desk Lamp,9,39.99,0,359.91,162.0,197.91
ORD-0033,2025-05-16,West,Technology,Wireless Mouse,12,29.99,0,359.88,156.0,203.88
ORD-0034,2025-07-24,Central,Office Supplies,Gel Pen Set,2,9.99,0,19.98,7.0,12.98
ORD-0035,2025-04-26,Northeast,Office Supplies,Notebook Pack,10,14.99,0.1,134.91,60.0,74.91
ORD-0036,2025-04-28,Southeast,Technology,Laptop Stand,12,54.99,0.15,560.9,336.0,224.9
ORD-0037,2025-01-31,Southeast,Technology,Laptop Stand,6,54.99,0,329.94,168.0,161.94
ORD-0038,2025-09-21,Southeast,Office Supplies,Gel Pen Set,4,9.99,0.1,35.96,14.0,21.96
ORD-0039,2025-03-09,West,Technology,USB-C Hub,7,44.99,0,314.93,140.0,174.93
ORD-0040,2025-02-18,Northeast,Furniture,Desk Lamp,6,39.99,0.05,227.94,108.0,119.94
ORD-0041,2025-07-30,West,Furniture,Office Chair,11,189.99,0.15,1776.41,1155.0,621.41
ORD-0042,2025-11-27,Northeast,Technology,USB-C Hub,12,44.99,0,539.88,240.0,299.88
ORD-0043,2025-02-25,Southeast,Technology,Wireless Mouse,9,29.99,0.05,256.41,117.0,139.41
ORD-0044,2025-03-13,West,Technology,Mechanical Keyboard,8,79.99,0,639.92,312.0,327.92
ORD-0045,2025-02-08,West,Furniture,Office Chair,1,189.99,0.15,161.49,105.0,56.49
ORD-0046,2025-10-04,Northeast,Technology,Wireless Mouse,3,29.99,0.05,85.47,39.0,46.47
ORD-0047,2025-09-06,West,Technology,USB-C Hub,1,44.99,0,44.99,20.0,24.99
ORD-0048,2025-07-14,Northeast,Office Supplies,Printer Paper,8,11.99,0,95.92,40.0,55.92
ORD-0049,2025-08-05,West,Technology,Wireless Mouse,5,29.99,0,149.95,65.0,84.95
ORD-0050,2025-01-30,Northeast,Furniture,Bookshelf,1,119.99,0,119.99,68.0,51.99
ORD-0051,2025-10-27,West,Furniture,Standing Desk,1,329.99,0.1,296.99,205.0,91.99
ORD-0052,2025-02-11,Southeast,Technology,Laptop Stand,11,54.99,0,604.89,308.0,296.89
ORD-0053,2025-07-26,Northeast,Furniture,Standing Desk,10,329.99,0.1,2969.91,2050.0,919.91
ORD-0054,2025-01-21,Northeast,Office Supplies,Printer Paper,5,11.99,0,59.95,25.0,34.95
ORD-0055,2025-12-09,Central,Technology,Mechanical Keyboard,7,79.99,0,559.93,273.0,286.93
ORD-0056,2025-12-10,Central,Office Supplies,Printer Paper,2,11.99,0,23.98,10.0,13.98
ORD-0057,2025-08-23,Northeast,Technology,Wireless Mouse,9,29.99,0,269.91,117.0,152.91
ORD-0058,2025-03-09,Central,Technology,Wireless Mouse,6,29.99,0,179.94,78.0,101.94
ORD-0059,2025-03-22,West,Furniture,Bookshelf,10,119.99,0.15,1019.91,680.0,339.91
ORD-0060,2025-09-28,Northeast,Furniture,Bookshelf,11,119.99,0,1319.89,748.0,571.89
ORD-0061,2025-03-10,Central,Technology,Laptop Stand,12,54.99,0.1,593.89,336.0,257.89
ORD-0062,2025-03-21,Central,Office Supplies,Desk Organizer,12,24.99,0,299.88,120.0,179.88
ORD-0063,2025-04-15,Central,Furniture,Desk Lamp,5,39.99,0,199.95,90.0,109.95
ORD-0064,2025-02-17,West,Office Supplies,Notebook Pack,1,14.99,0,14.99,6.0,8.99
ORD-0065,2025-03-08,Central,Technology,USB-C Hub,9,44.99,0.15,344.17,180.0,164.17
ORD-0066,2025-08-07,Northeast,Technology,Laptop Stand,12,54.99,0,659.88,336.0,323.88
ORD-0067,2025-10-07,Northeast,Office Supplies,Desk Organizer,7,24.99,0,174.93,70.0,104.93
ORD-0068,2025-01-22,Central,Office Supplies,Notebook Pack,6,14.99,0,89.94,36.0,53.94
ORD-0069,2025-12-16,Southeast,Furniture,Office Chair,6,189.99,0.1,1025.95,630.0,395.95
ORD-0070,2025-07-28,Southeast,Technology,Wireless Mouse,3,29.99,0.05,85.47,39.0,46.47
ORD-0071,2025-01-13,Southeast,Furniture,Bookshelf,7,119.99,0.15,713.94,476.0,237.94
ORD-0072,2025-05-08,Central,Technology,Laptop Stand,7,54.99,0,384.93,196.0,188.93
ORD-0073,2025-08-29,Southeast,Technology,USB-C Hub,6,44.99,0,269.94,120.0,149.94
ORD-0074,2025-04-27,Southeast,Technology,Wireless Mouse,7,29.99,0,209.93,91.0,118.93
ORD-0075,2025-05-23,Northeast,Office Supplies,Printer Paper,11,11.99,0.1,118.7,55.0,63.7
ORD-0076,2025-07-24,Central,Technology,Laptop Stand,5,54.99,0,274.95,140.0,134.95
ORD-0077,2025-10-25,Central,Technology,Laptop Stand,10,54.99,0.05,522.4,280.0,242.4
ORD-0078,2025-06-26,Central,Office Supplies,Notebook Pack,7,14.99,0.1,94.44,42.0,52.44
ORD-0079,2025-04-08,Central,Technology,USB-C Hub,1,44.99,0.1,40.49,20.0,20.49
ORD-0080,2025-10-03,Southeast,Office Supplies,Gel Pen Set,2,9.99,0.15,16.98,7.0,9.98
ORD-0081,2025-06-19,Central,Furniture,Office Chair,12,189.99,0,2279.88,1260.0,1019.88
ORD-0082,2025-09-17,Central,Furniture,Desk Lamp,6,39.99,0.05,227.94,108.0,119.94
ORD-0083,2025-12-23,Central,Furniture,Standing Desk,4,329.99,0.05,1253.96,820.0,433.96
ORD-0084,2025-12-07,West,Furniture,Standing Desk,10,329.99,0.1,2969.91,2050.0,919.91
ORD-0085,2025-06-04,West,Furniture,Office Chair,5,189.99,0,949.95,525.0,424.95
ORD-0086,2025-04-18,West,Furniture,Bookshelf,8,119.99,0.05,911.92,544.0,367.92
ORD-0087,2025-08-15,Southeast,Furniture,Desk Lamp,12,39.99,0,479.88,216.0,263.88
ORD-0088,2025-12-04,Northeast,Office Supplies,Printer Paper,2,11.99,0,23.98,10.0,13.98
ORD-0089,2025-12-11,Central,Technology,Wireless Mouse,3,29.99,0,89.97,39.0,50.97
ORD-0090,2025-01-24,Southeast,Office Supplies,Notebook Pack,8,14.99,0.05,113.92,48.0,65.92
ORD-0091,2025-11-19,Southeast,Furniture,Desk Lamp,8,39.99,0.05,303.92,144.0,159.92
ORD-0092,2025-05-05,Southeast,Furniture,Office Chair,2,189.99,0.05,360.98,210.0,150.98
ORD-0093,2025-04-23,Southeast,Furniture,Desk Lamp,1,39.99,0.1,35.99,18.0,17.99
ORD-0094,2025-05-08,Northeast,Office Supplies,Desk Organizer,8,24.99,0.15,169.93,80.0,89.93
ORD-0095,2025-09-29,Central,Office Supplies,Gel Pen Set,9,9.99,0.05,85.41,31.5,53.91
ORD-0096,2025-03-23,West,Office Supplies,Printer Paper,4,11.99,0.15,40.77,20.0,20.77
ORD-0097,2025-05-22,West,Furniture,Standing Desk,5,329.99,0.05,1567.45,1025.0,542.45
ORD-0098,2025-02-09,Central,Technology,Mechanical Keyboard,6,79.99,0,479.94,234.0,245.94
ORD-0099,2025-10-04,Northeast,Technology,Wireless Mouse,4,29.99,0.05,113.96,52.0,61.96
ORD-0100,2025-12-22,Southeast,Furniture,Standing Desk,2,329.99,0.05,626.98,410.0,216.98
ORD-0101,2025-07-28,Central,Furniture,Desk Lamp,7,39.99,0,279.93,126.0,153.93
ORD-0102,2025-04-16,West,Office Supplies,Notebook Pack,10,14.99,0.05,142.41,60.0,82.41
ORD-0103,2025-09-02,Northeast,Office Supplies,Printer Paper,7,11.99,0.05,79.73,35.0,44.73
ORD-0104,2025-10-03,Southeast,Office Supplies,Desk Organizer,5,24.99,0.05,118.7,50.0,68.7
ORD-0105,2025-09-06,Northeast,Office Supplies,Printer Paper,11,11.99,0.15,112.11,55.0,57.11
ORD-0106,2025-07-27,Southeast,Office Supplies,Desk Organizer,10,24.99,0.1,224.91,100.0,124.91
ORD-0107,2025-01-14,West,Furniture,Office Chair,2,189.99,0.15,322.98,210.0,112.98
ORD-0108,2025-08-08,Southeast,Office Supplies,Desk Organizer,1,24.99,0,24.99,10.0,14.99
ORD-0109,2025-07-14,Central,Technology,USB-C Hub,6,44.99,0,269.94,120.0,149.94
ORD-0110,2025-07-14,Central,Office Supplies,Printer Paper,2,11.99,0.05,22.78,10.0,12.78
ORD-0111,2025-01-10,Northeast,Office Supplies,Desk Organizer,11,24.99,0,274.89,110.0,164.89
ORD-0112,2025-11-30,Northeast,Technology,Wireless Mouse,4,29.99,0,119.96,52.0,67.96
ORD-0113,2025-11-15,Southeast,Technology,Wireless Mouse,8,29.99,0.15,203.93,104.0,99.93
ORD-0114,2025-02-28,Southeast,Office Supplies,Printer Paper,6,11.99,0,71.94,30.0,41.94
ORD-0115,2025-11-07,Northeast,Technology,Mechanical Keyboard,2,79.99,0.1,143.98,78.0,65.98
ORD-0116,2025-01-14,Central,Furniture,Desk Lamp,7,39.99,0.15,237.94,126.0,111.94
ORD-0117,2025-04-12,Northeast,Furniture,Standing Desk,2,329.99,0.15,560.98,410.0,150.98
ORD-0118,2025-06-04,Northeast,Furniture,Office Chair,6,189.99,0.1,1025.95,630.0,395.95
ORD-0119,2025-08-08,Central,Technology,Mechanical Keyboard,1,79.99,0.05,75.99,39.0,36.99
ORD-0120,2025-09-08,Northeast,Office Supplies,Printer Paper,11,11.99,0.05,125.3,55.0,70.3
ORD-0121,2025-12-29,Southeast,Office Supplies,Desk Organizer,12,24.99,0.1,269.89,120.0,149.89
ORD-0122,2025-11-30,Central,Furniture,Desk Lamp,8,39.99,0.05,303.92,144.0,159.92
ORD-0123,2025-10-31,Central,Office Supplies,Desk Organizer,2,24.99,0,49.98,20.0,29.98
ORD-0124,2025-08-19,Southeast,Office Supplies,Gel Pen Set,6,9.99,0,59.94,21.0,38.94
ORD-0125,2025-09-11,Central,Technology,USB-C Hub,4,44.99,0,179.96,80.0,99.96
ORD-0126,2025-05-13,Central,Office Supplies,Printer Paper,9,11.99,0,107.91,45.0,62.91
ORD-0127,2025-09-22,Southeast,Technology,Wireless Mouse,12,29.99,0.05,341.89,156.0,185.89
ORD-0128,2025-09-08,Southeast,Furniture,Desk Lamp,11,39.99,0.15,373.91,198.0,175.91
ORD-0129,2025-09-09,West,Technology,Laptop Stand,5,54.99,0,274.95,140.0,134.95
ORD-0130,2025-07-27,Southeast,Office Supplies,Printer Paper,8,11.99,0.1,86.33,40.0,46.33
ORD-0131,2025-09-29,Central,Office Supplies,Printer Paper,6,11.99,0.15,61.15,30.0,31.15
ORD-0132,2025-08-21,Central,Office Supplies,Printer Paper,4,11.99,0,47.96,20.0,27.96
ORD-0133,2025-04-09,Central,Technology,Wireless Mouse,4,29.99,0,119.96,52.0,67.96
ORD-0134,2025-09-05,Central,Furniture,Bookshelf,2,119.99,0,239.98,136.0,103.98
ORD-0135,2025-06-01,Southeast,Office Supplies,Desk Organizer,5,24.99,0,124.95,50.0,74.95
ORD-0136,2025-12-29,Southeast,Office Supplies,Notebook Pack,1,14.99,0.1,13.49,6.0,7.49
ORD-0137,2025-05-30,Southeast,Furniture,Desk Lamp,2,39.99,0,79.98,36.0,43.98
ORD-0138,2025-10-21,Central,Office Supplies,Gel Pen Set,8,9.99,0,79.92,28.0,51.92
ORD-0139,2025-04-05,Northeast,Office Supplies,Gel Pen Set,2,9.99,0,19.98,7.0,12.98
ORD-0140,2025-07-25,West,Technology,Laptop Stand,3,54.99,0,164.97,84.0,80.97
ORD-0141,2025-10-16,Central,Technology,Wireless Mouse,2,29.99,0.1,53.98,26.0,27.98
ORD-0142,2025-08-02,Southeast,Furniture,Desk Lamp,8,39.99,0.05,303.92,144.0,159.92
ORD-0143,2025-06-02,West,Office Supplies,Notebook Pack,10,14.99,0.15,127.42,60.0,67.42
ORD-0144,2025-02-20,Southeast,Furniture,Standing Desk,5,329.99,0.15,1402.46,1025.0,377.46
ORD-0145,2025-02-11,Southeast,Technology,Wireless Mouse,9,29.99,0,269.91,117.0,152.91
ORD-0146,2025-03-22,Northeast,Office Supplies,Gel Pen Set,12,9.99,0.1,107.89,42.0,65.89
ORD-0147,2025-08-29,Central,Technology,Wireless Mouse,5,29.99,0.15,127.46,65.0,62.46
ORD-0148,2025-05-25,West,Technology,Wireless Mouse,5,29.99,0.15,127.46,65.0,62.46
ORD-0149,2025-10-29,Southeast,Office Supplies,Notebook Pack,9,14.99,0,134.91,54.0,80.91
ORD-0150,2025-11-28,Southeast,Office Supplies,Desk Organizer,2,24.99,0,49.98,20.0,29.98
ORD-0151,2025-03-26,Central,Furniture,Bookshelf,8,119.99,0,959.92,544.0,415.92
ORD-0152,2025-08-28,Central,Furniture,Desk Lamp,5,39.99,0.1,179.96,90.0,89.96
ORD-0153,2025-10-04,West,Office Supplies,Notebook Pack,10,14.99,0,149.9,60.0,89.9
ORD-0154,2025-08-10,Central,Furniture,Bookshelf,1,119.99,0,119.99,68.0,51.99
ORD-0155,2025-04-28,Northeast,Furniture,Bookshelf,10,119.99,0,1199.9,680.0,519.9
ORD-0156,2025-03-31,West,Furniture,Desk Lamp,5,39.99,0,199.95,90.0,109.95
ORD-0157,2025-10-27,West,Furniture,Desk Lamp,2,39.99,0.05,75.98,36.0,39.98
ORD-0158,2025-06-28,West,Office Supplies,Printer Paper,11,11.99,0,131.89,55.0,76.89
ORD-0159,2025-03-24,Central,Office Supplies,Gel Pen Set,5,9.99,0.15,42.46,17.5,24.96
ORD-0160,2025-07-25,Northeast,Office Supplies,Notebook Pack,6,14.99,0,89.94,36.0,53.94
ORD-0161,2025-06-15,Northeast,Office Supplies,Notebook Pack,11,14.99,0.1,148.4,66.0,82.4
ORD-0162,2025-08-25,West,Technology,Wireless Mouse,9,29.99,0,269.91,117.0,152.91
ORD-0163,2025-11-15,West,Furniture,Desk Lamp,1,39.99,0,39.99,18.0,21.99
ORD-0164,2025-05-17,Southeast,Office Supplies,Gel Pen Set,12,9.99,0.05,113.89,42.0,71.89
ORD-0165,2025-03-04,Northeast,Furniture,Standing Desk,12,329.99,0,3959.88,2460.0,1499.88
ORD-0166,2025-06-09,Northeast,Furniture,Desk Lamp,2,39.99,0,79.98,36.0,43.98
ORD-0167,2025-02-28,West,Technology,Wireless Mouse,8,29.99,0.15,203.93,104.0,99.93
ORD-0168,2025-05-30,Central,Office Supplies,Gel Pen Set,8,9.99,0,79.92,28.0,51.92
ORD-0169,2025-08-22,Southeast,Office Supplies,Desk Organizer,10,24.99,0.1,224.91,100.0,124.91
ORD-0170,2025-03-11,Northeast,Office Supplies,Gel Pen Set,6,9.99,0.1,53.95,21.0,32.95
ORD-0171,2025-05-17,Northeast,Office Supplies,Printer Paper,10,11.99,0.1,107.91,50.0,57.91
ORD-0172,2025-12-04,West,Technology,USB-C Hub,9,44.99,0.05,384.66,180.0,204.66
ORD-0173,2025-06-26,Central,Furniture,Desk Lamp,8,39.99,0,319.92,144.0,175.92
ORD-0174,2025-04-07,Southeast,Furniture,Desk Lamp,4,39.99,0.05,151.96,72.0,79.96
ORD-0175,2025-01-23,Central,Furniture,Desk Lamp,12,39.99,0.05,455.89,216.0,239.89
ORD-0176,2025-07-17,Southeast,Office Supplies,Notebook Pack,3,14.99,0.1,40.47,18.0,22.47
ORD-0177,2025-10-30,Central,Technology,USB-C Hub,2,44.99,0.1,80.98,40.0,40.98
ORD-0178,2025-08-22,Northeast,Furniture,Standing Desk,7,329.99,0.15,1963.44,1435.0,528.44
ORD-0179,2025-03-21,Northeast,Office Supplies,Printer Paper,6,11.99,0.1,64.75,30.0,34.75
ORD-0180,2025-12-21,West,Furniture,Office Chair,6,189.99,0.15,968.95,630.0,338.95
ORD-0181,2025-10-01,West,Office Supplies,Gel Pen Set,9,9.99,0,89.91,31.5,58.41
ORD-0182,2025-11-13,Northeast,Technology,Mechanical Keyboard,4,79.99,0.15,271.97,156.0,115.97
ORD-0183,2025-02-16,West,Technology,Laptop Stand,8,54.99,0,439.92,224.0,215.92
ORD-0184,2025-12-22,Central,Technology,Laptop Stand,6,54.99,0,329.94,168.0,161.94
ORD-0185,2025-05-31,Central,Office Supplies,Gel Pen Set,3,9.99,0,29.97,10.5,19.47
ORD-0186,2025-09-29,West,Furniture,Standing Desk,3,329.99,0,989.97,615.0,374.97
ORD-0187,2025-02-10,West,Furniture,Standing Desk,8,329.99,0.1,2375.93,1640.0,735.93
ORD-0188,2025-03-15,Southeast,Office Supplies,Printer Paper,8,11.99,0,95.92,40.0,55.92
ORD-0189,2025-12-08,Northeast,Office Supplies,Printer Paper,11,11.99,0.1,118.7,55.0,63.7
ORD-0190,2025-03-22,Northeast,Office Supplies,Printer Paper,10,11.99,0,119.9,50.0,69.9
ORD-0191,2025-11-24,West,Furniture,Bookshelf,8,119.99,0,959.92,544.0,415.92
ORD-0192,2025-04-12,West,Office Supplies,Notebook Pack,4,14.99,0.05,56.96,24.0,32.96
ORD-0193,2025-10-20,Central,Furniture,Bookshelf,12,119.99,0,1439.88,816.0,623.88
ORD-0194,2025-01-12,West,Office Supplies,Notebook Pack,10,14.99,0.15,127.42,60.0,67.42
ORD-0195,2025-01-26,West,Office Supplies,Desk Organizer,10,24.99,0,249.9,100.0,149.9
ORD-0196,2025-04-23,Southeast,Furniture,Bookshelf,11,119.99,0.15,1121.91,748.0,373.91
ORD-0197,2025-12-04,Southeast,Furniture,Office Chair,11,189.99,0.15,1776.41,1155.0,621.41
ORD-0198,2025-01-21,Central,Office Supplies,Notebook Pack,10,14.99,0,149.9,60.0,89.9
ORD-0199,2025-03-09,Northeast,Office Supplies,Printer Paper,12,11.99,0.05,136.69,60.0,76.69
ORD-0200,2025-03-31,Southeast,Technology,Mechanical Keyboard,9,79.99,0.1,647.92,351.0,296.92
ORD-0201,2025-05-20,Southeast,Office Supplies,Gel Pen Set,5,9.99,0.15,42.46,17.5,24.96
ORD-0202,2025-06-23,Northeast,Office Supplies,Notebook Pack,3,14.99,0,44.97,18.0,26.97
ORD-0203,2025-12-13,West,Furniture,Bookshelf,2,119.99,0.05,227.98,136.0,91.98
ORD-0204,2025-01-08,Central,Furniture,Office Chair,8,189.99,0,1519.92,840.0,679.92
ORD-0205,2025-12-11,Central,Furniture,Desk Lamp,11,39.99,0,439.89,198.0,241.89
ORD-0206,2025-02-25,Southeast,Office Supplies,Notebook Pack,10,14.99,0.1,134.91,60.0,74.91
ORD-0207,2025-06-17,Southeast,Furniture,Office Chair,11,189.99,0.05,1985.4,1155.0,830.4
ORD-0208,2025-12-25,Central,Furniture,Desk Lamp,2,39.99,0,79.98,36.0,43.98
ORD-0209,2025-01-24,Northeast,Office Supplies,Gel Pen Set,2,9.99,0,19.98,7.0,12.98
ORD-0210,2025-05-01,Southeast,Office Supplies,Gel Pen Set,6,9.99,0.15,50.95,21.0,29.95
ORD-0211,2025-12-23,West,Furniture,Standing Desk,7,329.99,0.15,1963.44,1435.0,528.44
ORD-0212,2025-02-20,West,Furniture,Desk Lamp,5,39.99,0,199.95,90.0,109.95
ORD-0213,2025-12-20,Central,Technology,USB-C Hub,8,44.99,0,359.92,160.0,199.92
ORD-0214,2025-07-05,Northeast,Furniture,Bookshelf,9,119.99,0.15,917.92,612.0,305.92
ORD-0215,2025-07-03,Northeast,Office Supplies,Printer Paper,4,11.99,0,47.96,20.0,27.96
ORD-0216,2025-08-21,Northeast,Furniture,Standing Desk,11,329.99,0.15,3085.41,2255.0,830.41
ORD-0217,2025-11-02,Northeast,Technology,Mechanical Keyboard,4,79.99,0,319.96,156.0,163.96
ORD-0218,2025-10-17,Southeast,Technology,Wireless Mouse,10,29.99,0,299.9,130.0,169.9
ORD-0219,2025-04-30,Central,Technology,Laptop Stand,5,54.99,0,274.95,140.0,134.95
ORD-0220,2025-03-08,Central,Technology,Laptop Stand,11,54.99,0,604.89,308.0,296.89
ORD-0221,2025-03-09,Northeast,Office Supplies,Desk Organizer,10,24.99,0,249.9,100.0,149.9
ORD-0222,2025-01-09,Southeast,Office Supplies,Notebook Pack,3,14.99,0.15,38.22,18.0,20.22
ORD-0223,2025-08-04,Northeast,Furniture,Office Chair,8,189.99,0.05,1443.92,840.0,603.92
ORD-0224,2025-07-05,Northeast,Office Supplies,Desk Organizer,10,24.99,0,249.9,100.0,149.9
ORD-0225,2025-12-04,Central,Office Supplies,Notebook Pack,1,14.99,0.05,14.24,6.0,8.24
ORD-0226,2025-07-25,West,Furniture,Office Chair,8,189.99,0.15,1291.93,840.0,451.93
ORD-0227,2025-08-16,Northeast,Technology,Mechanical Keyboard,10,79.99,0,799.9,390.0,409.9
ORD-0228,2025-02-03,Southeast,Office Supplies,Printer Paper,7,11.99,0.1,75.54,35.0,40.54
ORD-0229,2025-09-29,Central,Office Supplies,Gel Pen Set,2,9.99,0.15,16.98,7.0,9.98
ORD-0230,2025-02-28,Southeast,Office Supplies,Gel Pen Set,4,9.99,0.05,37.96,14.0,23.96
ORD-0231,2025-06-23,West,Office Supplies,Gel Pen Set,12,9.99,0,119.88,42.0,77.88
ORD-0232,2025-06-10,West,Office Supplies,Printer Paper,6,11.99,0,71.94,30.0,41.94
ORD-0233,2025-12-18,West,Technology,Laptop Stand,2,54.99,0,109.98,56.0,53.98
ORD-0234,2025-08-10,Northeast,Furniture,Bookshelf,3,119.99,0.1,323.97,204.0,119.97
ORD-0235,2025-01-31,Central,Furniture,Office Chair,7,189.99,0,1329.93,735.0,594.93
ORD-0236,2025-12-07,West,Furniture,Office Chair,5,189.99,0.1,854.96,525.0,329.96
ORD-0237,2025-06-09,Central,Technology,Wireless Mouse,3,29.99,0.15,76.47,39.0,37.47
ORD-0238,2025-09-04,Southeast,Technology,Mechanical Keyboard,9,79.99,0,719.91,351.0,368.91
ORD-0239,2025-02-28,Central,Furniture,Standing Desk,7,329.99,0.1,2078.94,1435.0,643.94
ORD-0240,2025-11-15,Northeast,Furniture,Bookshelf,1,119.99,0,119.99,68.0,51.99
ORD-0241,2025-05-20,Central,Office Supplies,Printer Paper,1,11.99,0,11.99,5.0,6.99
ORD-0242,2025-03-15,West,Technology,Wireless Mouse,12,29.99,0.15,305.9,156.0,149.9
ORD-0243,2025-01-16,Northeast,Furniture,Standing Desk,7,329.99,0.05,2194.43,1435.0,759.43
ORD-0244,2025-08-21,Central,Technology,Mechanical Keyboard,5,79.99,0.15,339.96,195.0,144.96
ORD-0245,2025-06-16,Northeast,Technology,Wireless Mouse,3,29.99,0.1,80.97,39.0,41.97
ORD-0246,2025-01-26,Northeast,Office Supplies,Gel Pen Set,11,9.99,0.05,104.4,38.5,65.9
ORD-0247,2025-09-06,West,Office Supplies,Printer Paper,4,11.99,0.1,43.16,20.0,23.16
ORD-0248,2025-02-28,Central,Office Supplies,Notebook Pack,5,14.99,0.15,63.71,30.0,33.71
ORD-0249,2025-12-14,West,Furniture,Bookshelf,1,119.99,0,119.99,68.0,51.99
ORD-0250,2025-07-22,Northeast,Technology,Wireless Mouse,5,29.99,0,149.95,65.0,84.95
ORD-0251,2025-03-12,Central,Office Supplies,Printer Paper,2,11.99,0,23.98,10.0,13.98
ORD-0252,2025-09-12,West,Technology,Wireless Mouse,7,29.99,0.1,188.94,91.0,97.94
ORD-0253,2025-12-27,Southeast,Furniture,Bookshelf,2,119.99,0.05,227.98,136.0,91.98
ORD-0254,2025-01-22,West,Technology,USB-C Hub,2,44.99,0,89.98,40.0,49.98
ORD-0255,2025-10-22,West,Furniture,Desk Lamp,12,39.99,0.15,407.9,216.0,191.9
ORD-0256,2025-08-02,Central,Technology,USB-C Hub,1,44.99,0,44.99,20.0,24.99
ORD-0257,2025-03-29,West,Furniture,Bookshelf,2,119.99,0.05,227.98,136.0,91.98
ORD-0258,2025-02-24,Southeast,Office Supplies,Gel Pen Set,9,9.99,0,89.91,31.5,58.41
ORD-0259,2025-07-22,Central,Furniture,Bookshelf,4,119.99,0,479.96,272.0,207.96
ORD-0260,2025-03-28,Northeast,Furniture,Office Chair,9,189.99,0.1,1538.92,945.0,593.92
ORD-0261,2025-04-10,Central,Office Supplies,Desk Organizer,4,24.99,0,99.96,40.0,59.96
ORD-0262,2025-03-16,Central,Technology,Wireless Mouse,10,29.99,0,299.9,130.0,169.9
ORD-0263,2025-12-02,Northeast,Technology,USB-C Hub,8,44.99,0.1,323.93,160.0,163.93
ORD-0264,2025-10-24,West,Furniture,Bookshelf,11,119.99,0,1319.89,748.0,571.89
ORD-0265,2025-03-19,West,Technology,USB-C Hub,8,44.99,0.15,305.93,160.0,145.93
ORD-0266,2025-06-05,Central,Furniture,Office Chair,6,189.99,0.1,1025.95,630.0,395.95
ORD-0267,2025-02-07,Central,Office Supplies,Gel Pen Set,1,9.99,0,9.99,3.5,6.49
ORD-0268,2025-07-08,Central,Technology,Laptop Stand,10,54.99,0.1,494.91,280.0,214.91
ORD-0269,2025-09-17,West,Office Supplies,Notebook Pack,8,14.99,0.1,107.93,48.0,59.93
ORD-0270,2025-11-30,Southeast,Office Supplies,Gel Pen Set,9,9.99,0,89.91,31.5,58.41
ORD-0271,2025-02-01,West,Technology,Mechanical Keyboard,12,79.99,0,959.88,468.0,491.88
ORD-0272,2025-09-16,Southeast,Technology,Wireless Mouse,12,29.99,0.05,341.89,156.0,185.89
ORD-0273,2025-08-13,Southeast,Office Supplies,Printer Paper,5,11.99,0.05,56.95,25.0,31.95
ORD-0274,2025-07-29,Central,Furniture,Office Chair,11,189.99,0.15,1776.41,1155.0,621.41
ORD-0275,2025-06-21,Northeast,Office Supplies,Notebook Pack,9,14.99,0.15,114.67,54.0,60.67
ORD-0276,2025-07-17,Central,Office Supplies,Desk Organizer,6,24.99,0,149.94,60.0,89.94
ORD-0277,2025-10-26,Southeast,Office Supplies,Printer Paper,11,11.99,0.15,112.11,55.0,57.11
ORD-0278,2025-12-06,West,Technology,Laptop Stand,5,54.99,0.1,247.45,140.0,107.45
ORD-0279,2025-07-12,Central,Technology,Laptop Stand,11,54.99,0.15,514.16,308.0,206.16
ORD-0280,2025-08-05,Central,Technology,Mechanical Keyboard,5,79.99,0,399.95,195.0,204.95
ORD-0281,2025-04-20,Central,Office Supplies,Desk Organizer,4,24.99,0,99.96,40.0,59.96
ORD-0282,2025-03-21,Northeast,Office Supplies,Notebook Pack,9,14.99,0.1,121.42,54.0,67.42
ORD-0283,2025-09-27,Northeast,Furniture,Bookshelf,10,119.99,0,1199.9,680.0,519.9
ORD-0284,2025-11-02,West,Technology,Wireless Mouse,3,29.99,0.15,76.47,39.0,37.47
ORD-0285,2025-11-16,Southeast,Furniture,Desk Lamp,1,39.99,0.05,37.99,18.0,19.99
ORD-0286,2025-07-06,Southeast,Office Supplies,Printer Paper,12,11.99,0.05,136.69,60.0,76.69
ORD-0287,2025-04-30,Southeast,Office Supplies,Gel Pen Set,4,9.99,0,39.96,14.0,25.96
ORD-0288,2025-12-14,West,Office Supplies,Printer Paper,7,11.99,0.1,75.54,35.0,40.54
ORD-0289,2025-09-28,West,Technology,Wireless Mouse,10,29.99,0,299.9,130.0,169.9
ORD-0290,2025-05-09,Northeast,Furniture,Desk Lamp,6,39.99,0.1,215.95,108.0,107.95
ORD-0291,2025-02-22,Northeast,Office Supplies,Notebook Pack,3,14.99,0,44.97,18.0,26.97
ORD-0292,2025-08-19,Southeast,Office Supplies,Notebook Pack,4,14.99,0.05,56.96,24.0,32.96
ORD-0293,2025-06-28,Northeast,Office Supplies,Notebook Pack,7,14.99,0.1,94.44,42.0,52.44
ORD-0294,2025-07-11,Southeast,Office Supplies,Notebook Pack,6,14.99,0,89.94,36.0,53.94
ORD-0295,2025-01-15,Central,Technology,Mechanical Keyboard,3,79.99,0,239.97,117.0,122.97
ORD-0296,2025-01-20,Central,Office Supplies,Desk Organizer,12,24.99,0.05,284.89,120.0,164.89
ORD-0297,2025-08-18,Northeast,Technology,Laptop Stand,5,54.99,0,274.95,140.0,134.95
ORD-0298,2025-03-18,West,Technology,Mechanical Keyboard,4,79.99,0,319.96,156.0,163.96
ORD-0299,2025-03-04,Northeast,Technology,USB-C Hub,11,44.99,0.1,445.4,220.0,225.4
ORD-0300,2025-08-23,Northeast,Technology,USB-C Hub,10,44.99,0.1,404.91,200.0,204.91
ORD-0301,2025-01-09,Southeast,Furniture,Standing Desk,5,329.99,0.05,1567.45,1025.0,542.45
ORD-0302,2025-01-01,Central,Technology,USB-C Hub,3,44.99,0.15,114.72,60.0,54.72
ORD-0303,2025-12-09,Northeast,Furniture,Bookshelf,2,119.99,0.1,215.98,136.0,79.98
ORD-0304,2025-10-06,Northeast,Office Supplies,Gel Pen Set,1,9.99,0.15,8.49,3.5,4.99
ORD-0305,2025-07-18,Central,Office Supplies,Notebook Pack,6,14.99,0,89.94,36.0,53.94
ORD-0306,2025-06-26,Southeast,Furniture,Office Chair,10,189.99,0.15,1614.91,1050.0,564.91
ORD-0307,2025-06-20,Southeast,Technology,Mechanical Keyboard,9,79.99,0,719.91,351.0,368.91
ORD-0308,2025-11-26,Southeast,Furniture,Desk Lamp,12,39.99,0.05,455.89,216.0,239.89
ORD-0309,2025-11-20,Southeast,Technology,Laptop Stand,12,54.99,0.05,626.89,336.0,290.89
ORD-0310,2025-01-19,Central,Technology,Laptop Stand,4,54.99,0,219.96,112.0,107.96
ORD-0311,2025-06-11,Central,Furniture,Desk Lamp,9,39.99,0.05,341.91,162.0,179.91
ORD-0312,2025-05-10,Northeast,Furniture,Standing Desk,5,329.99,0,1649.95,1025.0,624.95
ORD-0313,2025-01-25,Central,Office Supplies,Notebook Pack,6,14.99,0.05,85.44,36.0,49.44
ORD-0314,2025-07-24,West,Office Supplies,Printer Paper,3,11.99,0.05,34.17,15.0,19.17
ORD-0315,2025-12-21,West,Office Supplies,Printer Paper,2,11.99,0.15,20.38,10.0,10.38
ORD-0316,2025-08-06,Northeast,Office Supplies,Desk Organizer,9,24.99,0,224.91,90.0,134.91
ORD-0317,2025-06-14,Northeast,Technology,Mechanical Keyboard,11,79.99,0,879.89,429.0,450.89
ORD-0318,2025-06-06,West,Furniture,Desk Lamp,3,39.99,0.15,101.97,54.0,47.97
ORD-0319,2025-08-16,Central,Office Supplies,Notebook Pack,12,14.99,0,179.88,72.0,107.88
ORD-0320,2025-11-11,West,Office Supplies,Notebook Pack,2,14.99,0.15,25.48,12.0,13.48
ORD-0321,2025-11-23,West,Office Supplies,Desk Organizer,1,24.99,0,24.99,10.0,14.99
ORD-0322,2025-11-08,West,Technology,Wireless Mouse,2,29.99,0,59.98,26.0,33.98
ORD-0323,2025-11-27,Central,Office Supplies,Gel Pen Set,10,9.99,0,99.9,35.0,64.9
ORD-0324,2025-11-06,Southeast,Furniture,Desk Lamp,6,39.99,0,239.94,108.0,131.94
ORD-0325,2025-08-16,Northeast,Furniture,Standing Desk,9,329.99,0,2969.91,1845.0,1124.91
ORD-0326,2025-07-23,Central,Furniture,Bookshelf,4,119.99,0,479.96,272.0,207.96
ORD-0327,2025-01-14,Southeast,Office Supplies,Gel Pen Set,9,9.99,0,89.91,31.5,58.41
ORD-0328,2025-05-15,Central,Furniture,Desk Lamp,4,39.99,0.1,143.96,72.0,71.96
ORD-0329,2025-05-27,West,Technology,Laptop Stand,3,54.99,0,164.97,84.0,80.97
ORD-0330,2025-08-20,Southeast,Furniture,Desk Lamp,2,39.99,0.15,67.98,36.0,31.98
ORD-0331,2025-06-13,Central,Furniture,Office Chair,9,189.99,0.1,1538.92,945.0,593.92
ORD-0332,2025-05-29,Central,Technology,Wireless Mouse,6,29.99,0.1,161.95,78.0,83.95
ORD-0333,2025-04-25,Northeast,Technology,Wireless Mouse,4,29.99,0.05,113.96,52.0,61.96
ORD-0334,2025-01-14,Central,Furniture,Bookshelf,8,119.99,0.1,863.93,544.0,319.93
ORD-0335,2025-03-08,Northeast,Technology,Mechanical Keyboard,7,79.99,0.15,475.94,273.0,202.94
ORD-0336,2025-09-03,West,Office Supplies,Notebook Pack,3,14.99,0,44.97,18.0,26.97
ORD-0337,2025-11-25,Northeast,Office Supplies,Gel Pen Set,11,9.99,0.1,98.9,38.5,60.4
ORD-0338,2025-06-26,Southeast,Furniture,Standing Desk,3,329.99,0.05,940.47,615.0,325.47
ORD-0339,2025-09-15,Northeast,Technology,Wireless Mouse,5,29.99,0,149.95,65.0,84.95
ORD-0340,2025-03-24,Central,Furniture,Standing Desk,6,329.99,0.1,1781.95,1230.0,551.95
ORD-0341,2025-05-26,Northeast,Office Supplies,Desk Organizer,11,24.99,0.1,247.4,110.0,137.4
ORD-0342,2025-05-21,Southeast,Furniture,Bookshelf,10,119.99,0.1,1079.91,680.0,399.91
ORD-0343,2025-02-17,Southeast,Furniture,Standing Desk,3,329.99,0.15,841.47,615.0,226.47
ORD-0344,2025-11-16,Central,Furniture,Office Chair,1,189.99,0,189.99,105.0,84.99
ORD-0345,2025-01-24,Central,Furniture,Standing Desk,10,329.99,0.05,3134.9,2050.0,1084.9
ORD-0346,2025-11-13,Northeast,Office Supplies,Printer Paper,11,11.99,0,131.89,55.0,76.89
ORD-0347,2025-09-05,Southeast,Furniture,Desk Lamp,5,39.99,0.05,189.95,90.0,99.95
ORD-0348,2025-02-07,Northeast,Technology,USB-C Hub,7,44.99,0.05,299.18,140.0,159.18
ORD-0349,2025-08-26,Southeast,Office Supplies,Desk Organizer,6,24.99,0.15,127.45,60.0,67.45
ORD-0350,2025-06-13,Central,Office Supplies,Desk Organizer,6,24.99,0.1,134.95,60.0,74.95
ORD-0351,2025-10-15,Northeast,Office Supplies,Desk Organizer,8,24.99,0,199.92,80.0,119.92
ORD-0352,2025-05-17,West,Technology,Wireless Mouse,2,29.99,0,59.98,26.0,33.98
ORD-0353,2025-05-29,West,Furniture,Desk Lamp,4,39.99,0,159.96,72.0,87.96
ORD-0354,2025-06-17,Central,Technology,Wireless Mouse,8,29.99,0.1,215.93,104.0,111.93
ORD-0355,2025-08-28,West,Office Supplies,Gel Pen Set,1,9.99,0,9.99,3.5,6.49
ORD-0356,2025-07-21,West,Technology,Wireless Mouse,10,29.99,0,299.9,130.0,169.9
ORD-0357,2025-01-25,Northeast,Office Supplies,Gel Pen Set,10,9.99,0.15,84.92,35.0,49.92
ORD-0358,2025-12-11,West,Office Supplies,Notebook Pack,2,14.99,0.05,28.48,12.0,16.48
ORD-0359,2025-03-10,Central,Furniture,Bookshelf,7,119.99,0,839.93,476.0,363.93
ORD-0360,2025-01-24,West,Technology,Wireless Mouse,6,29.99,0.1,161.95,78.0,83.95
ORD-0361,2025-05-28,Northeast,Office Supplies,Gel Pen Set,9,9.99,0,89.91,31.5,58.41
ORD-0362,2025-11-16,Northeast,Technology,Laptop Stand,7,54.99,0,384.93,196.0,188.93
ORD-0363,2025-06-23,Central,Technology,Wireless Mouse,10,29.99,0.1,269.91,130.0,139.91
ORD-0364,2025-07-25,Northeast,Technology,Laptop Stand,3,54.99,0.15,140.22,84.0,56.22
ORD-0365,2025-06-20,West,Furniture,Desk Lamp,3,39.99,0.1,107.97,54.0,53.97
ORD-0366,2025-09-21,Southeast,Office Supplies,Printer Paper,3,11.99,0.05,34.17,15.0,19.17
ORD-0367,2025-11-12,Central,Furniture,Bookshelf,9,119.99,0.1,971.92,612.0,359.92
ORD-0368,2025-09-30,West,Furniture,Bookshelf,8,119.99,0,959.92,544.0,415.92
ORD-0369,2025-07-08,Central,Furniture,Office Chair,7,189.99,0.1,1196.94,735.0,461.94
ORD-0370,2025-06-07,Northeast,Furniture,Desk Lamp,5,39.99,0.15,169.96,90.0,79.96
ORD-0371,2025-10-24,Southeast,Furniture,Office Chair,10,189.99,0.05,1804.9,1050.0,754.9
ORD-0372,2025-03-29,West,Technology,Wireless Mouse,1,29.99,0.1,26.99,13.0,13.99
ORD-0373,2025-12-25,Northeast,Technology,Laptop Stand,8,54.99,0,439.92,224.0,215.92
ORD-0374,2025-08-03,Southeast,Office Supplies,Desk Organizer,7,24.99,0.1,157.44,70.0,87.44
ORD-0375,2025-11-10,West,Furniture,Office Chair,12,189.99,0,2279.88,1260.0,1019.88
ORD-0376,2025-09-23,Southeast,Furniture,Bookshelf,11,119.99,0.05,1253.9,748.0,505.9
ORD-0377,2025-09-27,West,Office Supplies,Desk Organizer,8,24.99,0.1,179.93,80.0,99.93
ORD-0378,2025-06-25,Central,Furniture,Bookshelf,10,119.99,0.05,1139.9,680.0,459.9
ORD-0379,2025-04-09,Southeast,Office Supplies,Printer Paper,4,11.99,0,47.96,20.0,27.96
ORD-0380,2025-05-28,Southeast,Furniture,Desk Lamp,6,39.99,0.05,227.94,108.0,119.94
ORD-0381,2025-06-28,Central,Office Supplies,Notebook Pack,10,14.99,0.15,127.42,60.0,67.42
ORD-0382,2025-10-06,West,Office Supplies,Printer Paper,3,11.99,0,35.97,15.0,20.97
ORD-0383,2025-01-22,Central,Furniture,Office Chair,6,189.99,0.05,1082.94,630.0,452.94
ORD-0384,2025-12-02,Central,Furniture,Desk Lamp,4,39.99,0,159.96,72.0,87.96
ORD-0385,2025-10-03,Central,Furniture,Bookshelf,3,119.99,0,359.97,204.0,155.97
ORD-0386,2025-11-12,Southeast,Technology,Laptop Stand,11,54.99,0.1,544.4,308.0,236.4
ORD-0387,2025-04-26,Southeast,Technology,Laptop Stand,7,54.99,0,384.93,196.0,188.93
ORD-0388,2025-08-30,Northeast,Furniture,Standing Desk,1,329.99,0.1,296.99,205.0,91.99
ORD-0389,2025-03-22,West,Furniture,Desk Lamp,8,39.99,0.15,271.93,144.0,127.93
ORD-0390,2025-04-13,Central,Office Supplies,Printer Paper,11,11.99,0,131.89,55.0,76.89
ORD-0391,2025-02-15,Southeast,Furniture,Office Chair,3,189.99,0.05,541.47,315.0,226.47
ORD-0392,2025-04-01,Northeast,Office Supplies,Gel Pen Set,3,9.99,0.15,25.47,10.5,14.97
ORD-0393,2025-05-29,Northeast,Technology,Mechanical Keyboard,10,79.99,0.1,719.91,390.0,329.91
ORD-0394,2025-02-24,Central,Office Supplies,Gel Pen Set,11,9.99,0.1,98.9,38.5,60.4
ORD-0395,2025-09-26,West,Technology,USB-C Hub,5,44.99,0,224.95,100.0,124.95
ORD-0396,2025-02-27,Central,Technology,USB-C Hub,11,44.99,0,494.89,220.0,274.89
ORD-0397,2025-04-06,Northeast,Furniture,Bookshelf,5,119.99,0.1,539.95,340.0,199.95
ORD-0398,2025-12-12,Southeast,Technology,USB-C Hub,7,44.99,0.1,283.44,140.0,143.44
ORD-0399,2025-06-17,Northeast,Office Supplies,Notebook Pack,3,14.99,0,44.97,18.0,26.97
ORD-0400,2025-09-02,Central,Technology,Laptop Stand,5,54.99,0.05,261.2,140.0,121.2
ORD-0401,2025-05-01,West,Office Supplies,Printer Paper,5,11.99,0.1,53.96,25.0,28.96
ORD-0402,2025-10-21,Northeast,Office Supplies,Printer Paper,12,11.99,0,143.88,60.0,83.88
ORD-0403,2025-02-01,Northeast,Office Supplies,Printer Paper,3,11.99,0.05,34.17,15.0,19.17
ORD-0404,2025-12-18,Central,Furniture,Office Chair,11,189.99,0,2089.89,1155.0,934.89
ORD-0405,2025-07-08,Southeast,Technology,Wireless Mouse,8,29.99,0,239.92,104.0,135.92
ORD-0406,2025-08-21,Central,Office Supplies,Gel Pen Set,9,9.99,0.15,76.42,31.5,44.92
ORD-0407,2025-04-22,Southeast,Furniture,Office Chair,9,189.99,0.05,1624.41,945.0,679.41
ORD-0408,2025-09-28,Central,Technology,Laptop Stand,1,54.99,0.1,49.49,28.0,21.49
ORD-0409,2025-09-16,Southeast,Furniture,Standing Desk,3,329.99,0,989.97,615.0,374.97
ORD-0410,2025-09-24,West,Technology,Wireless Mouse,12,29.99,0.1,323.89,156.0,167.89
ORD-0411,2025-09-08,Northeast,Furniture,Desk Lamp,1,39.99,0.05,37.99,18.0,19.99
ORD-0412,2025-03-09,West,Office Supplies,Notebook Pack,9,14.99,0.05,128.16,54.0,74.16
ORD-0413,2025-12-11,Central,Furniture,Office Chair,7,189.99,0,1329.93,735.0,594.93
ORD-0414,2025-01-02,Southeast,Furniture,Office Chair,1,189.99,0.05,180.49,105.0,75.49
ORD-0415,2025-06-26,Northeast,Furniture,Office Chair,2,189.99,0.05,360.98,210.0,150.98
ORD-0416,2025-01-17,Central,Office Supplies,Desk Organizer,3,24.99,0.15,63.72,30.0,33.72
ORD-0417,2025-11-27,West,Office Supplies,Gel Pen Set,8,9.99,0.05,75.92,28.0,47.92
ORD-0418,2025-07-12,Northeast,Furniture,Standing Desk,11,329.99,0,3629.89,2255.0,1374.89
ORD-0419,2025-03-02,Southeast,Furniture,Desk Lamp,9,39.99,0,359.91,162.0,197.91
ORD-0420,2025-04-25,Northeast,Technology,Mechanical Keyboard,8,79.99,0.15,543.93,312.0,231.93
ORD-0421,2025-10-06,West,Furniture,Desk Lamp,4,39.99,0,159.96,72.0,87.96
ORD-0422,2025-08-24,Central,Technology,Mechanical Keyboard,4,79.99,0.15,271.97,156.0,115.97
ORD-0423,2025-02-27,Northeast,Furniture,Desk Lamp,10,39.99,0,399.9,180.0,219.9
ORD-0424,2025-05-04,Southeast,Technology,Laptop Stand,10,54.99,0,549.9,280.0,269.9
ORD-0425,2025-08-17,Northeast,Technology,Laptop Stand,7,54.99,0.05,365.68,196.0,169.68
ORD-0426,2025-04-30,Southeast,Technology,Wireless Mouse,9,29.99,0,269.91,117.0,152.91
ORD-0427,2025-04-30,Central,Furniture,Bookshelf,4,119.99,0,479.96,272.0,207.96
ORD-0428,2025-03-15,Southeast,Office Supplies,Printer Paper,5,11.99,0,59.95,25.0,34.95
ORD-0429,2025-10-13,Southeast,Furniture,Desk Lamp,9,39.99,0.05,341.91,162.0,179.91
ORD-0430,2025-01-25,Central,Furniture,Desk Lamp,9,39.99,0,359.91,162.0,197.91
ORD-0431,2025-12-23,West,Office Supplies,Desk Organizer,5,24.99,0.05,118.7,50.0,68.7
ORD-0432,2025-04-05,West,Technology,Wireless Mouse,5,29.99,0.15,127.46,65.0,62.46
ORD-0433,2025-03-15,West,Technology,USB-C Hub,7,44.99,0.1,283.44,140.0,143.44
ORD-0434,2025-09-29,Southeast,Office Supplies,Desk Organizer,5,24.99,0,124.95,50.0,74.95
ORD-0435,2025-06-19,Northeast,Office Supplies,Printer Paper,2,11.99,0.1,21.58,10.0,11.58
ORD-0436,2025-04-08,Northeast,Office Supplies,Gel Pen Set,11,9.99,0.1,98.9,38.5,60.4
ORD-0437,2025-11-05,Northeast,Technology,Wireless Mouse,10,29.99,0.15,254.91,130.0,124.91
ORD-0438,2025-12-10,Southeast,Office Supplies,Desk Organizer,6,24.99,0,149.94,60.0,89.94
ORD-0439,2025-01-08,Southeast,Technology,Laptop Stand,12,54.99,0.05,626.89,336.0,290.89
ORD-0440,2025-05-05,Southeast,Office Supplies,Desk Organizer,9,24.99,0,224.91,90.0,134.91
ORD-0441,2025-05-25,West,Office Supplies,Printer Paper,5,11.99,0,59.95,25.0,34.95
ORD-0442,2025-07-04,West,Office Supplies,Notebook Pack,12,14.99,0.05,170.89,72.0,98.89
ORD-0443,2025-06-13,Southeast,Office Supplies,Printer Paper,7,11.99,0,83.93,35.0,48.93
ORD-0444,2025-10-16,Southeast,Furniture,Standing Desk,1,329.99,0,329.99,205.0,124.99
ORD-0445,2025-10-11,West,Office Supplies,Desk Organizer,4,24.99,0,99.96,40.0,59.96
ORD-0446,2025-04-28,West,Furniture,Standing Desk,8,329.99,0.1,2375.93,1640.0,735.93
ORD-0447,2025-12-02,Central,Office Supplies,Gel Pen Set,12,9.99,0.15,101.9,42.0,59.9
ORD-0448,2025-09-09,West,Technology,Mechanical Keyboard,3,79.99,0,239.97,117.0,122.97
ORD-0449,2025-10-07,West,Technology,Laptop Stand,9,54.99,0,494.91,252.0,242.91
ORD-0450,2025-02-08,Northeast,Technology,USB-C Hub,3,44.99,0.15,114.72,60.0,54.72
ORD-0451,2025-04-29,Northeast,Furniture,Standing Desk,1,329.99,0,329.99,205.0,124.99
ORD-0452,2025-09-16,West,Office Supplies,Notebook Pack,10,14.99,0.15,127.42,60.0,67.42
ORD-0453,2025-12-08,West,Furniture,Desk Lamp,1,39.99,0,39.99,18.0,21.99
ORD-0454,2025-09-30,West,Technology,Laptop Stand,9,54.99,0.15,420.67,252.0,168.67
ORD-0455,2025-05-21,Central,Technology,USB-C Hub,3,44.99,0,134.97,60.0,74.97
ORD-0456,2025-02-19,Southeast,Technology,Wireless Mouse,10,29.99,0.1,269.91,130.0,139.91
ORD-0457,2025-05-10,Central,Office Supplies,Gel Pen Set,2,9.99,0,19.98,7.0,12.98
ORD-0458,2025-07-27,West,Furniture,Standing Desk,12,329.99,0,3959.88,2460.0,1499.88
ORD-0459,2025-06-03,Northeast,Furniture,Office Chair,2,189.99,0.05,360.98,210.0,150.98
ORD-0460,2025-07-14,West,Furniture,Desk Lamp,1,39.99,0.15,33.99,18.0,15.99
ORD-0461,2025-01-05,Southeast,Technology,USB-C Hub,7,44.99,0.15,267.69,140.0,127.69
ORD-0462,2025-06-19,Northeast,Furniture,Office Chair,4,189.99,0,759.96,420.0,339.96
ORD-0463,2025-12-21,West,Office Supplies,Notebook Pack,2,14.99,0.15,25.48,12.0,13.48
ORD-0464,2025-05-24,Northeast,Technology,Mechanical Keyboard,1,79.99,0,79.99,39.0,40.99
ORD-0465,2025-10-28,Southeast,Furniture,Desk Lamp,2,39.99,0,79.98,36.0,43.98
ORD-0466,2025-03-25,Southeast,Furniture,Desk Lamp,11,39.99,0.1,395.9,198.0,197.9
ORD-0467,2025-06-19,West,Furniture,Standing Desk,12,329.99,0.15,3365.9,2460.0,905.9
ORD-0468,2025-02-10,Central,Technology,Laptop Stand,7,54.99,0,384.93,196.0,188.93
ORD-0469,2025-02-08,Central,Furniture,Desk Lamp,6,39.99,0,239.94,108.0,131.94
ORD-0470,2025-11-21,Central,Office Supplies,Gel Pen Set,4,9.99,0,39.96,14.0,25.96
ORD-0471,2025-10-11,West,Office Supplies,Desk Organizer,11,24.99,0.1,247.4,110.0,137.4
ORD-0472,2025-12-05,West,Technology,Mechanical Keyboard,4,79.99,0.15,271.97,156.0,115.97
ORD-0473,2025-02-07,Northeast,Office Supplies,Desk Organizer,7,24.99,0.15,148.69,70.0,78.69
ORD-0474,2025-11-21,Southeast,Furniture,Desk Lamp,6,39.99,0,239.94,108.0,131.94
ORD-0475,2025-02-24,Northeast,Technology,Mechanical Keyboard,8,79.99,0,639.92,312.0,327.92
ORD-0476,2025-05-19,Northeast,Technology,Laptop Stand,3,54.99,0.05,156.72,84.0,72.72
ORD-0477,2025-08-18,West,Technology,Laptop Stand,2,54.99,0,109.98,56.0,53.98
ORD-0478,2025-10-11,Northeast,Furniture,Bookshelf,7,119.99,0,839.93,476.0,363.93
ORD-0479,2025-05-30,West,Office Supplies,Notebook Pack,12,14.99,0.1,161.89,72.0,89.89
ORD-0480,2025-05-05,Southeast,Furniture,Desk Lamp,3,39.99,0,119.97,54.0,65.97
ORD-0481,2025-05-18,Central,Office Supplies,Gel Pen Set,3,9.99,0,29.97,10.5,19.47
ORD-0482,2025-03-27,West,Office Supplies,Gel Pen Set,5,9.99,0.05,47.45,17.5,29.95
ORD-0483,2025-02-09,Central,Office Supplies,Desk Organizer,12,24.99,0.15,254.9,120.0,134.9
ORD-0484,2025-09-11,Southeast,Office Supplies,Notebook Pack,3,14.99,0,44.97,18.0,26.97
ORD-0485,2025-01-04,West,Office Supplies,Gel Pen Set,6,9.99,0.05,56.94,21.0,35.94
ORD-0486,2025-06-21,West,Furniture,Standing Desk,5,329.99,0,1649.95,1025.0,624.95
ORD-0487,2025-11-05,Southeast,Office Supplies,Printer Paper,3,11.99,0.05,34.17,15.0,19.17
ORD-0488,2025-06-13,Central,Furniture,Desk Lamp,10,39.99,0,399.9,180.0,219.9
ORD-0489,2025-06-16,West,Office Supplies,Gel Pen Set,6,9.99,0,59.94,21.0,38.94
ORD-0490,2025-10-16,Southeast,Furniture,Standing Desk,11,329.99,0.1,3266.9,2255.0,1011.9
ORD-0491,2025-01-14,West,Furniture,Standing Desk,8,329.99,0,2639.92,1640.0,999.92
ORD-0492,2025-12-21,Northeast,Office Supplies,Gel Pen Set,3,9.99,0.15,25.47,10.5,14.97
ORD-0493,2025-06-05,Southeast,Office Supplies,Desk Organizer,12,24.99,0.05,284.89,120.0,164.89
ORD-0494,2025-07-13,Northeast,Office Supplies,Gel Pen Set,10,9.99,0.05,94.91,35.0,59.91
ORD-0495,2025-10-01,West,Furniture,Office Chair,6,189.99,0.15,968.95,630.0,338.95
ORD-0496,2025-10-02,Northeast,Technology,Wireless Mouse,11,29.99,0.15,280.41,143.0,137.41
ORD-0497,2025-07-01,Southeast,Furniture,Office Chair,10,189.99,0.15,1614.91,1050.0,564.91
ORD-0498,2025-12-13,West,Office Supplies,Gel Pen Set,2,9.99,0,19.98,7.0,12.98
ORD-0499,2025-02-20,Central,Technology,Wireless Mouse,8,29.99,0,239.92,104.0,135.92
ORD-0500,2025-07-20,West,Furniture,Standing Desk,6,329.99,0,1979.94,1230.0,749.94
ORD-0501,2025-09-05,Northeast,Office Supplies,Gel Pen Set,2,9.99,0,19.98,7.0,12.98
ORD-0502,2025-03-14,Central,Office Supplies,Printer Paper,8,11.99,0,95.92,40.0,55.92
ORD-0503,2025-09-24,West,Office Supplies,Gel Pen Set,2,9.99,0.05,18.98,7.0,11.98
ORD-0504,2025-12-23,West,Office Supplies,Notebook Pack,5,14.99,0,74.95,30.0,44.95
ORD-0505,2025-12-30,Northeast,Technology,Mechanical Keyboard,11,79.99,0,879.89,429.0,450.89
ORD-0506,2025-12-13,Southeast,Furniture,Standing Desk,9,329.99,0,2969.91,1845.0,1124.91
ORD-0507,2025-10-10,Southeast,Office Supplies,Gel Pen Set,8,9.99,0,79.92,28.0,51.92
ORD-0508,2025-07-27,Southeast,Technology,USB-C Hub,7,44.99,0,314.93,140.0,174.93
ORD-0509,2025-11-11,Southeast,Office Supplies,Gel Pen Set,7,9.99,0,69.93,24.5,45.43
ORD-0510,2025-12-27,Southeast,Technology,Mechanical Keyboard,12,79.99,0,959.88,468.0,491.88
ORD-0511,2025-10-23,Northeast,Furniture,Standing Desk,6,329.99,0,1979.94,1230.0,749.94
ORD-0512,2025-04-11,West,Technology,Mechanical Keyboard,11,79.99,0.05,835.9,429.0,406.9
ORD-0513,2025-09-28,Central,Furniture,Desk Lamp,10,39.99,0.05,379.91,180.0,199.91
ORD-0514,2025-10-28,Northeast,Office Supplies,Printer Paper,8,11.99,0.1,86.33,40.0,46.33
ORD-0515,2025-03-30,Central,Furniture,Office Chair,11,189.99,0,2089.89,1155.0,934.89
ORD-0516,2025-06-10,Northeast,Technology,Mechanical Keyboard,2,79.99,0,159.98,78.0,81.98
ORD-0517,2025-07-11,Southeast,Furniture,Desk Lamp,7,39.99,0.1,251.94,126.0,125.94
ORD-0518,2025-03-12,West,Office Supplies,Desk Organizer,8,24.99,0.15,169.93,80.0,89.93
ORD-0519,2025-10-03,Southeast,Furniture,Standing Desk,8,329.99,0,2639.92,1640.0,999.92
ORD-0520,2025-03-13,Southeast,Office Supplies,Gel Pen Set,10,9.99,0,99.9,35.0,64.9
ORD-0521,2025-07-03,Northeast,Office Supplies,Desk Organizer,4,24.99,0.05,94.96,40.0,54.96
ORD-0522,2025-10-15,West,Office Supplies,Gel Pen Set,7,9.99,0.15,59.44,24.5,34.94
ORD-0523,2025-08-16,West,Technology,Laptop Stand,10,54.99,0,549.9,280.0,269.9
ORD-0524,2025-04-23,Central,Technology,Mechanical Keyboard,4,79.99,0.1,287.96,156.0,131.96
ORD-0525,2025-05-28,Southeast,Office Supplies,Gel Pen Set,9,9.99,0.1,80.92,31.5,49.42
ORD-0526,2025-02-27,Northeast,Office Supplies,Printer Paper,9,11.99,0,107.91,45.0,62.91
ORD-0527,2025-08-14,Southeast,Office Supplies,Notebook Pack,12,14.99,0.15,152.9,72.0,80.9
ORD-0528,2025-05-07,Central,Technology,USB-C Hub,5,44.99,0,224.95,100.0,124.95
ORD-0529,2025-02-14,West,Technology,Wireless Mouse,4,29.99,0.15,101.97,52.0,49.97
ORD-0530,2025-10-29,Central,Furniture,Desk Lamp,3,39.99,0.1,107.97,54.0,53.97
ORD-0531,2025-03-13,Southeast,Technology,Laptop Stand,10,54.99,0,549.9,280.0,269.9
ORD-0532,2025-09-30,Central,Furniture,Standing Desk,6,329.99,0.15,1682.95,1230.0,452.95
ORD-0533,2025-05-30,Central,Furniture,Bookshelf,9,119.99,0.15,917.92,612.0,305.92
ORD-0534,2025-02-18,Southeast,Office Supplies,Notebook Pack,5,14.99,0.15,63.71,30.0,33.71
ORD-0535,2025-03-06,Southeast,Technology,Wireless Mouse,12,29.99,0,359.88,156.0,203.88
ORD-0536,2025-05-07,West,Office Supplies,Desk Organizer,10,24.99,0.15,212.41,100.0,112.41
ORD-0537,2025-05-18,West,Office Supplies,Gel Pen Set,2,9.99,0.15,16.98,7.0,9.98
ORD-0538,2025-02-17,West,Furniture,Bookshelf,12,119.99,0,1439.88,816.0,623.88
ORD-0539,2025-08-21,West,Office Supplies,Notebook Pack,12,14.99,0,179.88,72.0,107.88
ORD-0540,2025-08-23,Central,Technology,USB-C Hub,4,44.99,0.05,170.96,80.0,90.96
ORD-0541,2025-04-19,West,Office Supplies,Printer Paper,5,11.99,0,59.95,25.0,34.95
ORD-0542,2025-10-08,Southeast,Furniture,Desk Lamp,6,39.99,0.15,203.95,108.0,95.95
ORD-0543,2025-01-25,Northeast,Technology,USB-C Hub,1,44.99,0,44.99,20.0,24.99
ORD-0544,2025-03-22,West,Office Supplies,Notebook Pack,7,14.99,0,104.93,42.0,62.93
ORD-0545,2025-12-19,Southeast,Furniture,Bookshelf,3,119.99,0,359.97,204.0,155.97
ORD-0546,2025-02-17,Central,Office Supplies,Notebook Pack,6,14.99,0.15,76.45,36.0,40.45
ORD-0547,2025-11-29,Southeast,Technology,USB-C Hub,11,44.99,0,494.89,220.0,274.89
ORD-0548,2025-12-25,Southeast,Office Supplies,Notebook Pack,12,14.99,0,179.88,72.0,107.88
ORD-0549,2025-01-01,Southeast,Office Supplies,Notebook Pack,3,14.99,0.1,40.47,18.0,22.47
ORD-0550,2025-04-26,West,Technology,Laptop Stand,12,54.99,0,659.88,336.0,323.88
ORD-0551,2025-03-03,West,Furniture,Standing Desk,8,329.99,0,2639.92,1640.0,999.92
ORD-0552,2025-04-28,West,Technology,Laptop Stand,2,54.99,0,109.98,56.0,53.98
ORD-0553,2025-07-08,Central,Technology,USB-C Hub,3,44.99,0.15,114.72,60.0,54.72
ORD-0554,2025-12-13,Southeast,Technology,Laptop Stand,10,54.99,0.15,467.41,280.0,187.41
ORD-0555,2025-03-26,West,Office Supplies,Desk Organizer,11,24.99,0.15,233.66,110.0,123.66
ORD-0556,2025-03-19,West,Furniture,Desk Lamp,4,39.99,0,159.96,72.0,87.96
ORD-0557,2025-02-21,Southeast,Technology,USB-C Hub,6,44.99,0.05,256.44,120.0,136.44
ORD-0558,2025-06-11,Southeast,Technology,Mechanical Keyboard,11,79.99,0,879.89,429.0,450.89
ORD-0559,2025-05-08,Central,Furniture,Office Chair,11,189.99,0,2089.89,1155.0,934.89
ORD-0560,2025-04-16,Southeast,Furniture,Desk Lamp,5,39.99,0.15,169.96,90.0,79.96
ORD-0561,2025-01-28,Southeast,Office Supplies,Gel Pen Set,2,9.99,0,19.98,7.0,12.98
ORD-0562,2025-09-13,Northeast,Furniture,Office Chair,6,189.99,0,1139.94,630.0,509.94
ORD-0563,2025-03-09,West,Furniture,Desk Lamp,6,39.99,0.1,215.95,108.0,107.95
ORD-0564,2025-12-16,Southeast,Office Supplies,Notebook Pack,1,14.99,0.1,13.49,6.0,7.49
ORD-0565,2025-02-04,Northeast,Office Supplies,Desk Organizer,1,24.99,0,24.99,10.0,14.99
ORD-0566,2025-07-23,Central,Furniture,Desk Lamp,7,39.99,0.15,237.94,126.0,111.94
ORD-0567,2025-07-25,Northeast,Furniture,Standing Desk,5,329.99,0,1649.95,1025.0,624.95
ORD-0568,2025-06-08,Northeast,Furniture,Standing Desk,3,329.99,0.1,890.97,615.0,275.97
ORD-0569,2025-06-17,West,Furniture,Office Chair,5,189.99,0.15,807.46,525.0,282.46
ORD-0570,2025-08-12,Southeast,Technology,Wireless Mouse,2,29.99,0.05,56.98,26.0,30.98
ORD-0571,2025-03-01,West,Furniture,Office Chair,5,189.99,0.15,807.46,525.0,282.46
ORD-0572,2025-12-03,Southeast,Technology,Laptop Stand,12,54.99,0,659.88,336.0,323.88
ORD-0573,2025-12-26,Northeast,Technology,USB-C Hub,6,44.99,0.1,242.95,120.0,122.95
ORD-0574,2025-09-22,Central,Technology,Mechanical Keyboard,3,79.99,0.15,203.97,117.0,86.97
ORD-0575,2025-05-18,Northeast,Technology,Mechanical Keyboard,7,79.99,0,559.93,273.0,286.93
ORD-0576,2025-09-26,Northeast,Office Supplies,Notebook Pack,8,14.99,0.05,113.92,48.0,65.92
ORD-0577,2025-09-19,Central,Technology,USB-C Hub,10,44.99,0,449.9,200.0,249.9
ORD-0578,2025-07-08,Southeast,Office Supplies,Notebook Pack,10,14.99,0.15,127.42,60.0,67.42
ORD-0579,2025-03-01,Southeast,Furniture,Office Chair,1,189.99,0,189.99,105.0,84.99
ORD-0580,2025-05-06,Northeast,Office Supplies,Printer Paper,7,11.99,0,83.93,35.0,48.93
ORD-0581,2025-04-02,Northeast,Furniture,Desk Lamp,4,39.99,0,159.96,72.0,87.96
ORD-0582,2025-05-08,West,Furniture,Bookshelf,5,119.99,0,599.95,340.0,259.95
ORD-0583,2025-10-20,Central,Technology,Laptop Stand,3,54.99,0,164.97,84.0,80.97
ORD-0584,2025-09-22,Northeast,Office Supplies,Notebook Pack,8,14.99,0,119.92,48.0,71.92
ORD-0585,2025-06-09,Central,Technology,USB-C Hub,1,44.99,0,44.99,20.0,24.99
ORD-0586,2025-04-13,Central,Furniture,Bookshelf,12,119.99,0.1,1295.89,816.0,479.89
ORD-0587,2025-05-05,West,Office Supplies,Gel Pen Set,4,9.99,0.15,33.97,14.0,19.97
ORD-0588,2025-10-07,Southeast,Technology,Laptop Stand,7,54.99,0,384.93,196.0,188.93
ORD-0589,2025-04-30,Central,Furniture,Office Chair,6,189.99,0,1139.94,630.0,509.94
ORD-0590,2025-12-03,West,Furniture,Bookshelf,2,119.99,0,239.98,136.0,103.98
ORD-0591,2025-09-29,Southeast,Office Supplies,Gel Pen Set,1,9.99,0,9.99,3.5,6.49
ORD-0592,2025-12-31,Central,Technology,Laptop Stand,4,54.99,0.1,197.96,112.0,85.96
ORD-0593,2025-07-31,Central,Office Supplies,Notebook Pack,10,14.99,0,149.9,60.0,89.9
ORD-0594,2025-09-16,Southeast,Furniture,Desk Lamp,2,39.99,0.1,71.98,36.0,35.98
ORD-0595,2025-10-18,Northeast,Office Supplies,Desk Organizer,4,24.99,0,99.96,40.0,59.96
ORD-0596,2025-05-14,Central,Office Supplies,Printer Paper,6,11.99,0.05,68.34,30.0,38.34
ORD-0597,2025-05-20,Southeast,Technology,Wireless Mouse,3,29.99,0.1,80.97,39.0,41.97
ORD-0598,2025-02-25,Southeast,Technology,Wireless Mouse,8,29.99,0.05,227.92,104.0,123.92
ORD-0599,2025-06-10,West,Technology,Mechanical Keyboard,4,79.99,0.05,303.96,156.0,147.96
ORD-0600,2025-06-07,West,Office Supplies,Notebook Pack,2,14.99,0,29.98,12.0,17.98
ORD-0601,2025-12-18,Central,Furniture,Office Chair,4,189.99,0,759.96,420.0,339.96
ORD-0602,2025-03-17,Northeast,Furniture,Standing Desk,6,329.99,0.05,1880.94,1230.0,650.94
ORD-0603,2025-09-20,Northeast,Furniture,Bookshelf,5,119.99,0,599.95,340.0,259.95
ORD-0604,2025-01-16,West,Office Supplies,Desk Organizer,2,24.99,0.05,47.48,20.0,27.48
ORD-0605,2025-02-22,Southeast,Technology,Laptop Stand,1,54.99,0,54.99,28.0,26.99
ORD-0606,2025-03-08,Southeast,Office Supplies,Printer Paper,11,11.99,0.15,112.11,55.0,57.11
ORD-0607,2025-11-27,Northeast,Furniture,Bookshelf,2,119.99,0,239.98,136.0,103.98
ORD-0608,2025-02-03,Southeast,Furniture,Desk Lamp,3,39.99,0,119.97,54.0,65.97
ORD-0609,2025-06-19,Northeast,Technology,USB-C Hub,1,44.99,0,44.99,20.0,24.99
ORD-0610,2025-10-21,West,Furniture,Desk Lamp,8,39.99,0,319.92,144.0,175.92
ORD-0611,2025-07-15,West,Technology,Mechanical Keyboard,4,79.99,0,319.96,156.0,163.96
ORD-0612,2025-05-21,Central,Office Supplies,Desk Organizer,1,24.99,0.1,22.49,10.0,12.49
ORD-0613,2025-11-14,Southeast,Furniture,Bookshelf,8,119.99,0.05,911.92,544.0,367.92
ORD-0614,2025-10-09,West,Technology,Laptop Stand,5,54.99,0.05,261.2,140.0,121.2
ORD-0615,2025-03-12,West,Technology,Wireless Mouse,11,29.99,0.1,296.9,143.0,153.9
ORD-0616,2025-01-10,West,Furniture,Bookshelf,8,119.99,0.1,863.93,544.0,319.93
ORD-0617,2025-09-06,Central,Furniture,Bookshelf,7,119.99,0,839.93,476.0,363.93
ORD-0618,2025-04-03,Northeast,Office Supplies,Desk Organizer,1,24.99,0,24.99,10.0,14.99
ORD-0619,2025-01-30,West,Furniture,Bookshelf,10,119.99,0,1199.9,680.0,519.9
ORD-0620,2025-03-23,Northeast,Technology,Wireless Mouse,5,29.99,0.1,134.95,65.0,69.95
ORD-0621,2025-01-29,Southeast,Furniture,Desk Lamp,6,39.99,0,239.94,108.0,131.94
ORD-0622,2025-04-01,Southeast,Furniture,Bookshelf,12,119.99,0.15,1223.9,816.0,407.9
ORD-0623,2025-07-03,Northeast,Furniture,Bookshelf,10,119.99,0.1,1079.91,680.0,399.91
ORD-0624,2025-03-14,Southeast,Office Supplies,Printer Paper,3,11.99,0.05,34.17,15.0,19.17
ORD-0625,2025-01-20,Northeast,Technology,Wireless Mouse,10,29.99,0,299.9,130.0,169.9
ORD-0626,2025-01-11,West,Technology,Mechanical Keyboard,10,79.99,0,799.9,390.0,409.9
ORD-0627,2025-03-08,Central,Furniture,Standing Desk,6,329.99,0,1979.94,1230.0,749.94
ORD-0628,2025-01-12,Southeast,Furniture,Standing Desk,2,329.99,0.1,593.98,410.0,183.98
ORD-0629,2025-07-06,Northeast,Office Supplies,Gel Pen Set,10,9.99,0,99.9,35.0,64.9
ORD-0630,2025-06-22,Central,Office Supplies,Desk Organizer,3,24.99,0.15,63.72,30.0,33.72
ORD-0631,2025-08-12,West,Furniture,Bookshelf,3,119.99,0.15,305.97,204.0,101.97
ORD-0632,2025-10-15,Central,Technology,Wireless Mouse,7,29.99,0,209.93,91.0,118.93
ORD-0633,2025-12-19,Central,Technology,Wireless Mouse,12,29.99,0,359.88,156.0,203.88
ORD-0634,2025-12-26,West,Furniture,Office Chair,3,189.99,0.1,512.97,315.0,197.97
ORD-0635,2025-06-12,Southeast,Furniture,Office Chair,8,189.99,0,1519.92,840.0,679.92
ORD-0636,2025-06-19,Northeast,Technology,Mechanical Keyboard,6,79.99,0,479.94,234.0,245.94
ORD-0637,2025-11-22,Northeast,Furniture,Bookshelf,8,119.99,0,959.92,544.0,415.92
ORD-0638,2025-05-16,Southeast,Technology,Laptop Stand,6,54.99,0,329.94,168.0,161.94
ORD-0639,2025-02-25,Northeast,Technology,USB-C Hub,8,44.99,0.15,305.93,160.0,145.93
ORD-0640,2025-08-03,Southeast,Office Supplies,Gel Pen Set,7,9.99,0,69.93,24.5,45.43
ORD-0641,2025-10-07,West,Technology,USB-C Hub,10,44.99,0.15,382.42,200.0,182.42
ORD-0642,2025-12-18,Southeast,Technology,USB-C Hub,2,44.99,0,89.98,40.0,49.98
ORD-0643,2025-05-31,Northeast,Office Supplies,Printer Paper,2,11.99,0,23.98,10.0,13.98
ORD-0644,2025-06-25,Southeast,Office Supplies,Desk Organizer,12,24.99,0,299.88,120.0,179.88
ORD-0645,2025-10-08,Northeast,Office Supplies,Gel Pen Set,12,9.99,0,119.88,42.0,77.88
ORD-0646,2025-08-09,Southeast,Furniture,Desk Lamp,3,39.99,0,119.97,54.0,65.97
ORD-0647,2025-02-21,Central,Technology,Wireless Mouse,7,29.99,0.15,178.44,91.0,87.44
ORD-0648,2025-10-11,Central,Furniture,Bookshelf,5,119.99,0,599.95,340.0,259.95
ORD-0649,2025-02-19,Northeast,Office Supplies,Gel Pen Set,3,9.99,0,29.97,10.5,19.47
ORD-0650,2025-07-04,Northeast,Office Supplies,Notebook Pack,5,14.99,0.15,63.71,30.0,33.71
ORD-0651,2025-11-17,West,Technology,Laptop Stand,1,54.99,0,54.99,28.0,26.99
ORD-0652,2025-03-29,Central,Technology,USB-C Hub,2,44.99,0,89.98,40.0,49.98
ORD-0653,2025-07-23,West,Office Supplies,Printer Paper,2,11.99,0.15,20.38,10.0,10.38
ORD-0654,2025-10-06,West,Technology,Mechanical Keyboard,7,79.99,0,559.93,273.0,286.93
ORD-0655,2025-04-06,West,Technology,Mechanical Keyboard,8,79.99,0.05,607.92,312.0,295.92
ORD-0656,2025-05-15,Southeast,Office Supplies,Notebook Pack,3,14.99,0.15,38.22,18.0,20.22
ORD-0657,2025-12-08,Northeast,Technology,Mechanical Keyboard,9,79.99,0.05,683.91,351.0,332.91
ORD-0658,2025-10-29,Southeast,Furniture,Office Chair,7,189.99,0.1,1196.94,735.0,461.94
ORD-0659,2025-08-03,West,Furniture,Standing Desk,8,329.99,0,2639.92,1640.0,999.92
ORD-0660,2025-02-10,West,Furniture,Office Chair,9,189.99,0.1,1538.92,945.0,593.92
ORD-0661,2025-09-22,Southeast,Technology,USB-C Hub,3,44.99,0,134.97,60.0,74.97
ORD-0662,2025-04-19,Southeast,Technology,Laptop Stand,7,54.99,0,384.93,196.0,188.93
ORD-0663,2025-12-16,West,Technology,Wireless Mouse,10,29.99,0,299.9,130.0,169.9
ORD-0664,2025-06-13,Northeast,Technology,USB-C Hub,9,44.99,0.05,384.66,180.0,204.66
ORD-0665,2025-10-10,Central,Office Supplies,Gel Pen Set,1,9.99,0.15,8.49,3.5,4.99
ORD-0666,2025-11-16,West,Technology,USB-C Hub,3,44.99,0,134.97,60.0,74.97
ORD-0667,2025-10-18,Northeast,Technology,Laptop Stand,5,54.99,0.1,247.45,140.0,107.45
ORD-0668,2025-06-26,West,Office Supplies,Gel Pen Set,11,9.99,0.05,104.4,38.5,65.9
ORD-0669,2025-10-20,West,Technology,Wireless Mouse,5,29.99,0.05,142.45,65.0,77.45
ORD-0670,2025-03-15,West,Technology,USB-C Hub,6,44.99,0.15,229.45,120.0,109.45
ORD-0671,2025-05-02,Northeast,Furniture,Desk Lamp,5,39.99,0,199.95,90.0,109.95
ORD-0672,2025-01-11,Central,Office Supplies,Printer Paper,5,11.99,0.05,56.95,25.0,31.95
ORD-0673,2025-12-23,Northeast,Technology,Wireless Mouse,5,29.99,0.15,127.46,65.0,62.46
ORD-0674,2025-08-15,Central,Office Supplies,Gel Pen Set,10,9.99,0.15,84.92,35.0,49.92
ORD-0675,2025-02-15,Southeast,Office Supplies,Desk Organizer,7,24.99,0.15,148.69,70.0,78.69
ORD-0676,2025-09-06,Central,Technology,Wireless Mouse,2,29.99,0,59.98,26.0,33.98
ORD-0677,2025-12-30,West,Technology,Laptop Stand,3,54.99,0,164.97,84.0,80.97
ORD-0678,2025-04-13,Northeast,Technology,Laptop Stand,8,54.99,0,439.92,224.0,215.92
ORD-0679,2025-07-04,Southeast,Office Supplies,Printer Paper,8,11.99,0.1,86.33,40.0,46.33
ORD-0680,2025-07-23,Northeast,Furniture,Office Chair,4,189.99,0,759.96,420.0,339.96
ORD-0681,2025-09-08,West,Technology,USB-C Hub,10,44.99,0.1,404.91,200.0,204.91
ORD-0682,2025-06-29,Central,Technology,Mechanical Keyboard,12,79.99,0.15,815.9,468.0,347.9
ORD-0683,2025-02-16,Central,Technology,USB-C Hub,1,44.99,0,44.99,20.0,24.99
ORD-0684,2025-10-20,Southeast,Technology,Wireless Mouse,11,29.99,0,329.89,143.0,186.89
ORD-0685,2025-05-18,West,Furniture,Office Chair,11,189.99,0,2089.89,1155.0,934.89
ORD-0686,2025-08-31,Southeast,Furniture,Standing Desk,10,329.99,0,3299.9,2050.0,1249.9
ORD-0687,2025-04-25,Central,Furniture,Bookshelf,12,119.99,0.15,1223.9,816.0,407.9
ORD-0688,2025-11-26,Central,Office Supplies,Gel Pen Set,6,9.99,0.05,56.94,21.0,35.94
ORD-0689,2025-05-10,Southeast,Office Supplies,Printer Paper,11,11.99,0.1,118.7,55.0,63.7
ORD-0690,2025-11-16,West,Furniture,Office Chair,1,189.99,0.1,170.99,105.0,65.99
ORD-0691,2025-12-06,Central,Furniture,Bookshelf,5,119.99,0.15,509.96,340.0,169.96
ORD-0692,2025-02-25,West,Technology,Mechanical Keyboard,5,79.99,0.15,339.96,195.0,144.96
ORD-0693,2025-06-16,Central,Office Supplies,Printer Paper,4,11.99,0,47.96,20.0,27.96
ORD-0694,2025-09-22,Southeast,Technology,USB-C Hub,11,44.99,0,494.89,220.0,274.89
ORD-0695,2025-12-15,Southeast,Furniture,Office Chair,11,189.99,0.05,1985.4,1155.0,830.4
ORD-0696,2025-06-01,Central,Office Supplies,Gel Pen Set,7,9.99,0.15,59.44,24.5,34.94
ORD-0697,2025-01-19,Southeast,Office Supplies,Desk Organizer,11,24.99,0.1,247.4,110.0,137.4
ORD-0698,2025-11-23,West,Furniture,Bookshelf,9,119.99,0,1079.91,612.0,467.91
ORD-0699,2025-03-29,Southeast,Office Supplies,Notebook Pack,8,14.99,0,119.92,48.0,71.92
ORD-0700,2025-05-13,Southeast,Furniture,Bookshelf,11,119.99,0,1319.89,748.0,571.89
ORD-0701,2025-04-24,Central,Technology,Mechanical Keyboard,7,79.99,0,559.93,273.0,286.93
ORD-0702,2025-07-10,Central,Furniture,Bookshelf,8,119.99,0,959.92,544.0,415.92
ORD-0703,2025-08-29,Northeast,Furniture,Office Chair,8,189.99,0,1519.92,840.0,679.92
ORD-0704,2025-09-14,Northeast,Furniture,Desk Lamp,9,39.99,0,359.91,162.0,197.91
ORD-0705,2025-07-31,Northeast,Technology,Wireless Mouse,4,29.99,0,119.96,52.0,67.96
ORD-0706,2025-07-29,West,Technology,Mechanical Keyboard,12,79.99,0,959.88,468.0,491.88
ORD-0707,2025-02-11,West,Office Supplies,Desk Organizer,6,24.99,0.15,127.45,60.0,67.45
ORD-0708,2025-01-30,Northeast,Office Supplies,Printer Paper,4,11.99,0,47.96,20.0,27.96
ORD-0709,2025-10-23,Southeast,Office Supplies,Notebook Pack,3,14.99,0.1,40.47,18.0,22.47
ORD-0710,2025-08-11,West,Office Supplies,Gel Pen Set,8,9.99,0.05,75.92,28.0,47.92
ORD-0711,2025-01-03,Northeast,Furniture,Standing Desk,12,329.99,0,3959.88,2460.0,1499.88
ORD-0712,2025-01-08,Central,Furniture,Standing Desk,1,329.99,0.15,280.49,205.0,75.49
ORD-0713,2025-01-03,Southeast,Technology,Mechanical Keyboard,5,79.99,0,399.95,195.0,204.95
ORD-0714,2025-02-22,West,Furniture,Bookshelf,3,119.99,0,359.97,204.0,155.97
ORD-0715,2025-01-24,Central,Office Supplies,Gel Pen Set,12,9.99,0.1,107.89,42.0,65.89
ORD-0716,2025-11-02,Central,Office Supplies,Desk Organizer,6,24.99,0.05,142.44,60.0,82.44
ORD-0717,2025-07-03,Southeast,Technology,USB-C Hub,1,44.99,0,44.99,20.0,24.99
ORD-0718,2025-04-25,Southeast,Technology,Laptop Stand,10,54.99,0.1,494.91,280.0,214.91
ORD-0719,2025-03-28,Northeast,Office Supplies,Notebook Pack,7,14.99,0.15,89.19,42.0,47.19
ORD-0720,2025-05-11,Northeast,Furniture,Office Chair,11,189.99,0,2089.89,1155.0,934.89
ORD-0721,2025-12-01,Northeast,Technology,Laptop Stand,7,54.99,0.05,365.68,196.0,169.68
ORD-0722,2025-07-14,Northeast,Furniture,Bookshelf,8,119.99,0.15,815.93,544.0,271.93
ORD-0723,2025-03-20,Southeast,Furniture,Office Chair,5,189.99,0.05,902.45,525.0,377.45
ORD-0724,2025-12-05,Northeast,Furniture,Bookshelf,10,119.99,0.1,1079.91,680.0,399.91
ORD-0725,2025-12-25,Southeast,Office Supplies,Notebook Pack,9,14.99,0.15,114.67,54.0,60.67
ORD-0726,2025-11-13,Northeast,Office Supplies,Notebook Pack,2,14.99,0.05,28.48,12.0,16.48
ORD-0727,2025-04-12,Southeast,Office Supplies,Desk Organizer,6,24.99,0.15,127.45,60.0,67.45
ORD-0728,2025-07-29,Central,Technology,Laptop Stand,9,54.99,0.05,470.16,252.0,218.16
ORD-0729,2025-04-17,West,Office Supplies,Desk Organizer,1,24.99,0,24.99,10.0,14.99
ORD-0730,2025-12-10,Northeast,Technology,USB-C Hub,3,44.99,0,134.97,60.0,74.97
ORD-0731,2025-09-19,Northeast,Furniture,Office Chair,5,189.99,0.15,807.46,525.0,282.46
ORD-0732,2025-04-29,West,Office Supplies,Printer Paper,8,11.99,0,95.92,40.0,55.92
ORD-0733,2025-02-21,Southeast,Technology,Mechanical Keyboard,6,79.99,0.15,407.95,234.0,173.95
ORD-0734,2025-06-10,West,Furniture,Office Chair,2,189.99,0,379.98,210.0,169.98
ORD-0735,2025-01-05,Southeast,Furniture,Standing Desk,6,329.99,0,1979.94,1230.0,749.94
ORD-0736,2025-08-13,Central,Furniture,Office Chair,6,189.99,0,1139.94,630.0,509.94
ORD-0737,2025-04-04,Northeast,Office Supplies,Gel Pen Set,8,9.99,0,79.92,28.0,51.92
ORD-0738,2025-07-17,West,Office Supplies,Desk Organizer,2,24.99,0,49.98,20.0,29.98
ORD-0739,2025-12-23,Northeast,Technology,Laptop Stand,7,54.99,0.1,346.44,196.0,150.44
ORD-0740,2025-09-05,West,Technology,USB-C Hub,6,44.99,0.1,242.95,120.0,122.95
ORD-0741,2025-01-15,Southeast,Office Supplies,Gel Pen Set,2,9.99,0.05,18.98,7.0,11.98
ORD-0742,2025-08-14,Northeast,Technology,Mechanical Keyboard,11,79.99,0,879.89,429.0,450.89
ORD-0743,2025-01-07,Southeast,Furniture,Bookshelf,9,119.99,0.1,971.92,612.0,359.92
ORD-0744,2025-12-19,Northeast,Office Supplies,Desk Organizer,8,24.99,0,199.92,80.0,119.92
ORD-0745,2025-12-06,West,Technology,Laptop Stand,1,54.99,0.15,46.74,28.0,18.74
ORD-0746,2025-03-22,West,Office Supplies,Desk Organizer,2,24.99,0.05,47.48,20.0,27.48
ORD-0747,2025-06-14,Southeast,Office Supplies,Printer Paper,1,11.99,0.1,10.79,5.0,5.79
ORD-0748,2025-04-25,West,Office Supplies,Desk Organizer,2,24.99,0.05,47.48,20.0,27.48
ORD-0749,2025-08-16,West,Technology,USB-C Hub,8,44.99,0,359.92,160.0,199.92
ORD-0750,2025-03-02,West,Furniture,Office Chair,2,189.99,0.05,360.98,210.0,150.98
ORD-0751,2025-07-31,Northeast,Furniture,Office Chair,2,189.99,0.1,341.98,210.0,131.98
ORD-0752,2025-11-13,Central,Furniture,Standing Desk,11,329.99,0.15,3085.41,2255.0,830.41
ORD-0753,2025-08-22,Central,Office Supplies,Notebook Pack,4,14.99,0.05,56.96,24.0,32.96
ORD-0754,2025-06-19,West,Furniture,Bookshelf,12,119.99,0.05,1367.89,816.0,551.89
ORD-0755,2025-02-28,Northeast,Furniture,Standing Desk,1,329.99,0,329.99,205.0,124.99
ORD-0756,2025-07-01,Central,Furniture,Bookshelf,12,119.99,0,1439.88,816.0,623.88
ORD-0757,2025-01-24,Southeast,Office Supplies,Desk Organizer,12,24.99,0.15,254.9,120.0,134.9
ORD-0758,2025-07-29,Northeast,Office Supplies,Desk Organizer,4,24.99,0,99.96,40.0,59.96
ORD-0759,2025-07-21,Southeast,Office Supplies,Desk Organizer,12,24.99,0,299.88,120.0,179.88
ORD-0760,2025-02-25,West,Technology,Laptop Stand,8,54.99,0.05,417.92,224.0,193.92
ORD-0761,2025-12-04,Southeast,Office Supplies,Notebook Pack,9,14.99,0.15,114.67,54.0,60.67
ORD-0762,2025-01-25,West,Furniture,Desk Lamp,9,39.99,0,359.91,162.0,197.91
ORD-0763,2025-12-21,Southeast,Furniture,Standing Desk,2,329.99,0.05,626.98,410.0,216.98
ORD-0764,2025-12-03,Central,Furniture,Desk Lamp,7,39.99,0.1,251.94,126.0,125.94
ORD-0765,2025-12-21,Southeast,Office Supplies,Gel Pen Set,6,9.99,0,59.94,21.0,38.94
ORD-0766,2025-08-20,Southeast,Technology,USB-C Hub,10,44.99,0.15,382.42,200.0,182.42
ORD-0767,2025-09-20,Central,Furniture,Bookshelf,12,119.99,0.15,1223.9,816.0,407.9
ORD-0768,2025-10-11,Southeast,Technology,Wireless Mouse,10,29.99,0.15,254.91,130.0,124.91
ORD-0769,2025-05-29,Central,Furniture,Standing Desk,12,329.99,0.15,3365.9,2460.0,905.9
ORD-0770,2025-04-02,Central,Furniture,Office Chair,6,189.99,0.1,1025.95,630.0,395.95
ORD-0771,2025-09-03,West,Furniture,Bookshelf,7,119.99,0,839.93,476.0,363.93
ORD-0772,2025-09-25,Northeast,Technology,USB-C Hub,3,44.99,0,134.97,60.0,74.97
ORD-0773,2025-12-10,Northeast,Technology,Mechanical Keyboard,3,79.99,0,239.97,117.0,122.97
ORD-0774,2025-12-16,Central,Technology,Laptop Stand,12,54.99,0,659.88,336.0,323.88
ORD-0775,2025-04-15,Northeast,Office Supplies,Gel Pen Set,2,9.99,0.1,17.98,7.0,10.98
ORD-0776,2025-12-12,Southeast,Furniture,Desk Lamp,4,39.99,0.1,143.96,72.0,71.96
ORD-0777,2025-12-23,Central,Furniture,Office Chair,7,189.99,0.05,1263.43,735.0,528.43
ORD-0778,2025-08-02,Central,Furniture,Office Chair,1,189.99,0.15,161.49,105.0,56.49
ORD-0779,2025-05-09,Southeast,Furniture,Desk Lamp,4,39.99,0.15,135.97,72.0,63.97
ORD-0780,2025-12-27,Central,Furniture,Standing Desk,12,329.99,0,3959.88,2460.0,1499.88
ORD-0781,2025-05-31,West,Technology,Laptop Stand,3,54.99,0,164.97,84.0,80.97
ORD-0782,2025-09-21,Northeast,Office Supplies,Notebook Pack,7,14.99,0,104.93,42.0,62.93
ORD-0783,2025-10-12,Central,Technology,Wireless Mouse,10,29.99,0,299.9,130.0,169.9
ORD-0784,2025-01-03,Central,Office Supplies,Desk Organizer,1,24.99,0,24.99,10.0,14.99
ORD-0785,2025-06-15,Northeast,Furniture,Bookshelf,8,119.99,0.1,863.93,544.0,319.93
ORD-0786,2025-10-09,Central,Technology,Mechanical Keyboard,9,79.99,0,719.91,351.0,368.91
ORD-0787,2025-04-05,Northeast,Furniture,Standing Desk,7,329.99,0.1,2078.94,1435.0,643.94
ORD-0788,2025-10-02,West,Technology,Mechanical Keyboard,4,79.99,0,319.96,156.0,163.96
ORD-0789,2025-12-06,Central,Office Supplies,Printer Paper,5,11.99,0,59.95,25.0,34.95
ORD-0790,2025-11-13,West,Furniture,Office Chair,2,189.99,0.15,322.98,210.0,112.98
ORD-0791,2025-06-27,West,Technology,Wireless Mouse,1,29.99,0.15,25.49,13.0,12.49
ORD-0792,2025-06-14,West,Technology,USB-C Hub,5,44.99,0.1,202.46,100.0,102.46
ORD-0793,2025-05-25,Northeast,Furniture,Bookshelf,9,119.99,0.1,971.92,612.0,359.92
ORD-0794,2025-08-17,West,Technology,Mechanical Keyboard,11,79.99,0,879.89,429.0,450.89
ORD-0795,2025-06-14,Northeast,Technology,Wireless Mouse,9,29.99,0.1,242.92,117.0,125.92
ORD-0796,2025-01-04,Northeast,Technology,Wireless Mouse,11,29.99,0.05,313.4,143.0,170.4
ORD-0797,2025-02-23,Southeast,Furniture,Desk Lamp,11,39.99,0,439.89,198.0,241.89
ORD-0798,2025-12-18,Southeast,Technology,USB-C Hub,12,44.99,0,539.88,240.0,299.88
ORD-0799,2025-01-20,Northeast,Technology,Laptop Stand,3,54.99,0,164.97,84.0,80.97
ORD-0800,2025-10-13,Northeast,Furniture,Standing Desk,5,329.99,0.05,1567.45,1025.0,542.45
ORD-0801,2025-07-18,West,Furniture,Desk Lamp,7,39.99,0,279.93,126.0,153.93
ORD-0802,2025-01-09,West,Furniture,Office Chair,9,189.99,0,1709.91,945.0,764.91
ORD-0803,2025-11-25,Northeast,Furniture,Office Chair,12,189.99,0,2279.88,1260.0,1019.88
ORD-0804,2025-07-03,Northeast,Office Supplies,Printer Paper,10,11.99,0,119.9,50.0,69.9
ORD-0805,2025-05-25,West,Office Supplies,Gel Pen Set,11,9.99,0,109.89,38.5,71.39
ORD-0806,2025-08-31,Southeast,Furniture,Standing Desk,3,329.99,0.15,841.47,615.0,226.47
ORD-0807,2025-07-20,Central,Furniture,Standing Desk,5,329.99,0.15,1402.46,1025.0,377.46
ORD-0808,2025-11-28,Central,Technology,Wireless Mouse,2,29.99,0,59.98,26.0,33.98
ORD-0809,2025-01-03,West,Furniture,Office Chair,5,189.99,0,949.95,525.0,424.95
ORD-0810,2025-06-26,Southeast,Office Supplies,Desk Organizer,3,24.99,0,74.97,30.0,44.97
ORD-0811,2025-04-24,Central,Technology,Laptop Stand,3,54.99,0.15,140.22,84.0,56.22
ORD-0812,2025-10-18,Northeast,Furniture,Desk Lamp,11,39.99,0.1,395.9,198.0,197.9
ORD-0813,2025-02-07,Central,Furniture,Office Chair,5,189.99,0,949.95,525.0,424.95
ORD-0814,2025-04-12,West,Office Supplies,Printer Paper,3,11.99,0.15,30.57,15.0,15.57
ORD-0815,2025-12-02,Southeast,Technology,Mechanical Keyboard,10,79.99,0,799.9,390.0,409.9
ORD-0816,2025-04-10,Central,Office Supplies,Gel Pen Set,6,9.99,0.1,53.95,21.0,32.95
ORD-0817,2025-12-04,Central,Furniture,Standing Desk,10,329.99,0.1,2969.91,2050.0,919.91
ORD-0818,2025-07-06,Central,Office Supplies,Desk Organizer,1,24.99,0,24.99,10.0,14.99
ORD-0819,2025-05-07,Southeast,Furniture,Desk Lamp,5,39.99,0,199.95,90.0,109.95
ORD-0820,2025-03-10,Central,Office Supplies,Gel Pen Set,8,9.99,0,79.92,28.0,51.92
ORD-0821,2025-06-06,West,Furniture,Office Chair,3,189.99,0.15,484.47,315.0,169.47
ORD-0822,2025-11-07,Northeast,Office Supplies,Desk Organizer,9,24.99,0,224.91,90.0,134.91
ORD-0823,2025-05-15,Northeast,Furniture,Office Chair,1,189.99,0.1,170.99,105.0,65.99
ORD-0824,2025-11-20,Northeast,Furniture,Desk Lamp,10,39.99,0,399.9,180.0,219.9
ORD-0825,2025-01-19,Central,Furniture,Desk Lamp,11,39.99,0,439.89,198.0,241.89
ORD-0826,2025-07-07,West,Technology,Mechanical Keyboard,3,79.99,0.05,227.97,117.0,110.97
ORD-0827,2025-09-14,Northeast,Office Supplies,Printer Paper,9,11.99,0,107.91,45.0,62.91
ORD-0828,2025-12-06,Southeast,Furniture,Standing Desk,9,329.99,0,2969.91,1845.0,1124.91
ORD-0829,2025-08-17,Southeast,Technology,Wireless Mouse,12,29.99,0.15,305.9,156.0,149.9
ORD-0830,2025-09-05,Central,Technology,Wireless Mouse,8,29.99,0,239.92,104.0,135.92
ORD-0831,2025-02-02,Central,Office Supplies,Desk Organizer,1,24.99,0.15,21.24,10.0,11.24
ORD-0832,2025-04-16,Central,Office Supplies,Gel Pen Set,8,9.99,0,79.92,28.0,51.92
ORD-0833,2025-01-21,Central,Technology,Mechanical Keyboard,12,79.99,0,959.88,468.0,491.88
ORD-0834,2025-10-24,Southeast,Office Supplies,Gel Pen Set,6,9.99,0.1,53.95,21.0,32.95
ORD-0835,2025-12-01,Northeast,Furniture,Bookshelf,7,119.99,0,839.93,476.0,363.93
ORD-0836,2025-09-22,West,Office Supplies,Printer Paper,8,11.99,0.05,91.12,40.0,51.12
ORD-0837,2025-11-06,Northeast,Furniture,Standing Desk,8,329.99,0,2639.92,1640.0,999.92
ORD-0838,2025-04-28,Northeast,Furniture,Bookshelf,4,119.99,0,479.96,272.0,207.96
ORD-0839,2025-04-06,Southeast,Office Supplies,Notebook Pack,11,14.99,0,164.89,66.0,98.89
ORD-0840,2025-08-01,Central,Furniture,Office Chair,8,189.99,0.15,1291.93,840.0,451.93
ORD-0841,2025-09-03,West,Technology,Wireless Mouse,11,29.99,0.05,313.4,143.0,170.4
ORD-0842,2025-01-12,Southeast,Technology,Wireless Mouse,10,29.99,0.1,269.91,130.0,139.91
ORD-0843,2025-03-24,Southeast,Furniture,Office Chair,10,189.99,0,1899.9,1050.0,849.9
ORD-0844,2025-01-29,Southeast,Office Supplies,Desk Organizer,9,24.99,0.05,213.66,90.0,123.66
ORD-0845,2025-11-03,Northeast,Furniture,Bookshelf,2,119.99,0,239.98,136.0,103.98
ORD-0846,2025-08-18,West,Office Supplies,Desk Organizer,4,24.99,0.05,94.96,40.0,54.96
ORD-0847,2025-11-04,Southeast,Furniture,Standing Desk,10,329.99,0.15,2804.91,2050.0,754.91
ORD-0848,2025-09-19,Central,Technology,Mechanical Keyboard,8,79.99,0.1,575.93,312.0,263.93
ORD-0849,2025-10-30,Northeast,Technology,USB-C Hub,7,44.99,0,314.93,140.0,174.93
ORD-0850,2025-02-25,Northeast,Technology,USB-C Hub,3,44.99,0.1,121.47,60.0,61.47
ORD-0851,2025-02-19,Southeast,Office Supplies,Notebook Pack,9,14.99,0.1,121.42,54.0,67.42
ORD-0852,2025-03-02,Northeast,Office Supplies,Desk Organizer,10,24.99,0.1,224.91,100.0,124.91
ORD-0853,2025-01-01,West,Furniture,Desk Lamp,6,39.99,0,239.94,108.0,131.94
ORD-0854,2025-12-24,West,Technology,USB-C Hub,7,44.99,0,314.93,140.0,174.93
ORD-0855,2025-10-29,Northeast,Office Supplies,Desk Organizer,5,24.99,0.05,118.7,50.0,68.7
ORD-0856,2025-04-30,Northeast,Office Supplies,Gel Pen Set,5,9.99,0,49.95,17.5,32.45
ORD-0857,2025-01-03,Northeast,Furniture,Office Chair,9,189.99,0,1709.91,945.0,764.91
ORD-0858,2025-07-12,Southeast,Furniture,Bookshelf,7,119.99,0,839.93,476.0,363.93
ORD-0859,2025-02-24,Southeast,Office Supplies,Printer Paper,5,11.99,0.1,53.96,25.0,28.96
ORD-0860,2025-08-05,Central,Furniture,Bookshelf,11,119.99,0.05,1253.9,748.0,505.9
ORD-0861,2025-04-15,West,Furniture,Desk Lamp,3,39.99,0,119.97,54.0,65.97
ORD-0862,2025-10-14,West,Office Supplies,Printer Paper,10,11.99,0,119.9,50.0,69.9
ORD-0863,2025-12-28,West,Furniture,Standing Desk,11,329.99,0,3629.89,2255.0,1374.89
ORD-0864,2025-04-28,West,Furniture,Standing Desk,2,329.99,0,659.98,410.0,249.98
ORD-0865,2025-09-18,West,Office Supplies,Notebook Pack,3,14.99,0.05,42.72,18.0,24.72
ORD-0866,2025-11-22,Northeast,Technology,Wireless Mouse,8,29.99,0.1,215.93,104.0,111.93
ORD-0867,2025-08-11,Northeast,Technology,Mechanical Keyboard,4,79.99,0,319.96,156.0,163.96
ORD-0868,2025-02-10,Northeast,Furniture,Desk Lamp,7,39.99,0.1,251.94,126.0,125.94
ORD-0869,2025-12-02,Central,Furniture,Office Chair,3,189.99,0.15,484.47,315.0,169.47
ORD-0870,2025-09-11,West,Technology,Wireless Mouse,11,29.99,0.1,296.9,143.0,153.9
ORD-0871,2025-05-27,Southeast,Technology,Wireless Mouse,10,29.99,0,299.9,130.0,169.9
ORD-0872,2025-12-12,Northeast,Office Supplies,Desk Organizer,11,24.99,0,274.89,110.0,164.89
ORD-0873,2025-03-22,Northeast,Office Supplies,Gel Pen Set,6,9.99,0.15,50.95,21.0,29.95
ORD-0874,2025-07-22,West,Furniture,Standing Desk,9,329.99,0,2969.91,1845.0,1124.91
ORD-0875,2025-12-27,Northeast,Technology,Mechanical Keyboard,12,79.99,0.1,863.89,468.0,395.89
ORD-0876,2025-10-26,Central,Office Supplies,Printer Paper,4,11.99,0.1,43.16,20.0,23.16
ORD-0877,2025-04-10,West,Office Supplies,Notebook Pack,5,14.99,0,74.95,30.0,44.95
ORD-0878,2025-07-28,Northeast,Furniture,Office Chair,9,189.99,0,1709.91,945.0,764.91
ORD-0879,2025-06-24,Northeast,Furniture,Bookshelf,9,119.99,0.1,971.92,612.0,359.92
ORD-0880,2025-05-09,West,Office Supplies,Gel Pen Set,4,9.99,0,39.96,14.0,25.96
ORD-0881,2025-08-23,West,Furniture,Office Chair,8,189.99,0,1519.92,840.0,679.92
ORD-0882,2025-05-13,Northeast,Office Supplies,Desk Organizer,11,24.99,0.15,233.66,110.0,123.66
ORD-0883,2025-04-28,Central,Office Supplies,Printer Paper,9,11.99,0.1,97.12,45.0,52.12
ORD-0884,2025-01-05,Central,Technology,Mechanical Keyboard,2,79.99,0.05,151.98,78.0,73.98
ORD-0885,2025-12-11,Central,Technology,Wireless Mouse,8,29.99,0,239.92,104.0,135.92
ORD-0886,2025-07-01,Southeast,Furniture,Bookshelf,3,119.99,0.15,305.97,204.0,101.97
ORD-0887,2025-12-16,Southeast,Office Supplies,Desk Organizer,4,24.99,0.15,84.97,40.0,44.97
ORD-0888,2025-05-04,Central,Technology,Wireless Mouse,4,29.99,0,119.96,52.0,67.96
ORD-0889,2025-11-13,Central,Technology,Laptop Stand,2,54.99,0,109.98,56.0,53.98
ORD-0890,2025-12-13,West,Furniture,Office Chair,9,189.99,0,1709.91,945.0,764.91
ORD-0891,2025-09-04,Central,Furniture,Bookshelf,8,119.99,0.1,863.93,544.0,319.93
ORD-0892,2025-05-21,West,Technology,Mechanical Keyboard,7,79.99,0,559.93,273.0,286.93
ORD-0893,2025-10-23,Southeast,Technology,USB-C Hub,8,44.99,0.1,323.93,160.0,163.93
ORD-0894,2025-01-17,Central,Office Supplies,Desk Organizer,8,24.99,0,199.92,80.0,119.92
ORD-0895,2025-12-24,West,Office Supplies,Notebook Pack,1,14.99,0.15,12.74,6.0,6.74
ORD-0896,2025-04-18,West,Furniture,Office Chair,6,189.99,0,1139.94,630.0,509.94
ORD-0897,2025-11-10,Central,Technology,Mechanical Keyboard,4,79.99,0,319.96,156.0,163.96
ORD-0898,2025-08-30,Central,Office Supplies,Desk Organizer,8,24.99,0.05,189.92,80.0,109.92
ORD-0899,2025-04-18,West,Furniture,Bookshelf,6,119.99,0.05,683.94,408.0,275.94
ORD-0900,2025-05-24,West,Technology,Wireless Mouse,10,29.99,0.15,254.91,130.0,124.91
ORD-0901,2025-04-28,Northeast,Furniture,Bookshelf,4,119.99,0.1,431.96,272.0,159.96
ORD-0902,2025-08-10,West,Technology,Wireless Mouse,12,29.99,0,359.88,156.0,203.88
ORD-0903,2025-08-31,Northeast,Technology,USB-C Hub,8,44.99,0,359.92,160.0,199.92
ORD-0904,2025-11-19,Central,Office Supplies,Printer Paper,5,11.99,0.1,53.96,25.0,28.96
ORD-0905,2025-10-18,Northeast,Office Supplies,Notebook Pack,12,14.99,0,179.88,72.0,107.88
ORD-0906,2025-01-31,Southeast,Office Supplies,Gel Pen Set,11,9.99,0,109.89,38.5,71.39
ORD-0907,2025-08-19,Central,Office Supplies,Printer Paper,6,11.99,0.1,64.75,30.0,34.75
ORD-0908,2025-10-13,Central,Office Supplies,Notebook Pack,7,14.99,0,104.93,42.0,62.93
ORD-0909,2025-06-29,Southeast,Furniture,Standing Desk,5,329.99,0,1649.95,1025.0,624.95
ORD-0910,2025-06-16,West,Furniture,Desk Lamp,2,39.99,0.05,75.98,36.0,39.98
ORD-0911,2025-11-11,Central,Office Supplies,Desk Organizer,3,24.99,0.15,63.72,30.0,33.72
ORD-0912,2025-06-22,West,Furniture,Desk Lamp,2,39.99,0,79.98,36.0,43.98
ORD-0913,2025-03-24,Central,Technology,Mechanical Keyboard,6,79.99,0.15,407.95,234.0,173.95
ORD-0914,2025-05-30,Central,Furniture,Desk Lamp,5,39.99,0.05,189.95,90.0,99.95
ORD-0915,2025-07-05,West,Office Supplies,Desk Organizer,3,24.99,0,74.97,30.0,44.97
ORD-0916,2025-03-06,Southeast,Furniture,Bookshelf,12,119.99,0.15,1223.9,816.0,407.9
ORD-0917,2025-02-10,Southeast,Technology,USB-C Hub,2,44.99,0,89.98,40.0,49.98
ORD-0918,2025-02-02,West,Furniture,Office Chair,1,189.99,0.05,180.49,105.0,75.49
ORD-0919,2025-09-26,Northeast,Technology,Mechanical Keyboard,10,79.99,0,799.9,390.0,409.9
ORD-0920,2025-02-13,West,Office Supplies,Desk Organizer,4,24.99,0.15,84.97,40.0,44.97
ORD-0921,2025-05-26,West,Furniture,Standing Desk,3,329.99,0.1,890.97,615.0,275.97
ORD-0922,2025-03-29,Northeast,Technology,Mechanical Keyboard,6,79.99,0.05,455.94,234.0,221.94
ORD-0923,2025-08-28,Central,Furniture,Desk Lamp,3,39.99,0.15,101.97,54.0,47.97
ORD-0924,2025-10-04,Southeast,Furniture,Desk Lamp,11,39.99,0.15,373.91,198.0,175.91
ORD-0925,2025-11-22,West,Furniture,Bookshelf,6,119.99,0.05,683.94,408.0,275.94
ORD-0926,2025-10-04,Southeast,Technology,USB-C Hub,5,44.99,0,224.95,100.0,124.95
ORD-0927,2025-07-31,Central,Technology,Mechanical Keyboard,1,79.99,0,79.99,39.0,40.99
ORD-0928,2025-09-25,Southeast,Office Supplies,Printer Paper,8,11.99,0.1,86.33,40.0,46.33
ORD-0929,2025-01-05,West,Office Supplies,Printer Paper,1,11.99,0.05,11.39,5.0,6.39
ORD-0930,2025-05-30,Southeast,Technology,Mechanical Keyboard,4,79.99,0.05,303.96,156.0,147.96
ORD-0931,2025-10-15,West,Office Supplies,Desk Organizer,3,24.99,0.15,63.72,30.0,33.72
ORD-0932,2025-11-27,West,Office Supplies,Desk Organizer,5,24.99,0,124.95,50.0,74.95
ORD-0933,2025-08-05,Southeast,Furniture,Bookshelf,5,119.99,0.15,509.96,340.0,169.96
ORD-0934,2025-09-30,Central,Office Supplies,Desk Organizer,2,24.99,0,49.98,20.0,29.98
ORD-0935,2025-03-11,Central,Technology,USB-C Hub,10,44.99,0.05,427.41,200.0,227.41
ORD-0936,2025-05-20,West,Technology,Mechanical Keyboard,1,79.99,0,79.99,39.0,40.99
ORD-0937,2025-01-26,Northeast,Technology,Laptop Stand,5,54.99,0,274.95,140.0,134.95
ORD-0938,2025-03-06,West,Furniture,Office Chair,4,189.99,0,759.96,420.0,339.96
ORD-0939,2025-03-19,Northeast,Office Supplies,Desk Organizer,6,24.99,0.05,142.44,60.0,82.44
ORD-0940,2025-06-09,West,Office Supplies,Gel Pen Set,12,9.99,0,119.88,42.0,77.88
ORD-0941,2025-06-19,Northeast,Technology,Laptop Stand,5,54.99,0.05,261.2,140.0,121.2
ORD-0942,2025-02-06,West,Technology,Wireless Mouse,5,29.99,0.05,142.45,65.0,77.45
ORD-0943,2025-01-07,Northeast,Furniture,Standing Desk,7,329.99,0.05,2194.43,1435.0,759.43
ORD-0944,2025-05-07,Northeast,Technology,USB-C Hub,12,44.99,0,539.88,240.0,299.88
ORD-0945,2025-09-24,Southeast,Office Supplies,Gel Pen Set,11,9.99,0,109.89,38.5,71.39
ORD-0946,2025-06-15,Southeast,Furniture,Office Chair,12,189.99,0.1,2051.89,1260.0,791.89
ORD-0947,2025-09-24,Northeast,Office Supplies,Gel Pen Set,11,9.99,0,109.89,38.5,71.39
ORD-0948,2025-04-12,Central,Technology,Wireless Mouse,2,29.99,0,59.98,26.0,33.98
ORD-0949,2025-11-21,West,Office Supplies,Notebook Pack,3,14.99,0,44.97,18.0,26.97
ORD-0950,2025-10-27,Northeast,Office Supplies,Desk Organizer,1,24.99,0,24.99,10.0,14.99
ORD-0951,2025-10-25,West,Furniture,Standing Desk,6,329.99,0,1979.94,1230.0,749.94
ORD-0952,2025-05-08,Southeast,Office Supplies,Notebook Pack,11,14.99,0.1,148.4,66.0,82.4
ORD-0953,2025-06-23,Northeast,Technology,Mechanical Keyboard,11,79.99,0,879.89,429.0,450.89
ORD-0954,2025-12-26,Northeast,Technology,USB-C Hub,4,44.99,0,179.96,80.0,99.96
ORD-0955,2025-10-13,Central,Office Supplies,Desk Organizer,1,24.99,0.15,21.24,10.0,11.24
ORD-0956,2025-07-13,Central,Furniture,Standing Desk,5,329.99,0,1649.95,1025.0,624.95
ORD-0957,2025-09-06,West,Furniture,Bookshelf,9,119.99,0.15,917.92,612.0,305.92
ORD-0958,2025-09-08,Southeast,Furniture,Standing Desk,9,329.99,0,2969.91,1845.0,1124.91
ORD-0959,2025-06-15,West,Office Supplies,Desk Organizer,2,24.99,0.1,44.98,20.0,24.98
ORD-0960,2025-03-21,West,Office Supplies,Printer Paper,9,11.99,0,107.91,45.0,62.91
ORD-0961,2025-08-21,Northeast,Furniture,Desk Lamp,12,39.99,0,479.88,216.0,263.88
ORD-0962,2025-01-10,Central,Furniture,Standing Desk,6,329.99,0.15,1682.95,1230.0,452.95
ORD-0963,2025-02-02,West,Technology,USB-C Hub,9,44.99,0,404.91,180.0,224.91
ORD-0964,2025-11-10,Central,Office Supplies,Gel Pen Set,11,9.99,0,109.89,38.5,71.39
ORD-0965,2025-02-26,Northeast,Furniture,Office Chair,1,189.99,0,189.99,105.0,84.99
ORD-0966,2025-04-02,Northeast,Technology,Laptop Stand,8,54.99,0,439.92,224.0,215.92
ORD-0967,2025-02-20,Northeast,Furniture,Desk Lamp,11,39.99,0.05,417.9,198.0,219.9
ORD-0968,2025-09-27,Central,Technology,Mechanical Keyboard,4,79.99,0.1,287.96,156.0,131.96
ORD-0969,2025-02-06,Northeast,Technology,USB-C Hub,2,44.99,0.05,85.48,40.0,45.48
ORD-0970,2025-11-24,Northeast,Office Supplies,Gel Pen Set,6,9.99,0.15,50.95,21.0,29.95
ORD-0971,2025-01-30,Central,Furniture,Office Chair,12,189.99,0,2279.88,1260.0,1019.88
ORD-0972,2025-06-05,Northeast,Technology,Laptop Stand,2,54.99,0.15,93.48,56.0,37.48
ORD-0973,2025-04-29,West,Technology,Wireless Mouse,9,29.99,0.15,229.42,117.0,112.42
ORD-0974,2025-05-08,Southeast,Furniture,Desk Lamp,12,39.99,0,479.88,216.0,263.88
ORD-0975,2025-11-23,Central,Furniture,Desk Lamp,12,39.99,0.15,407.9,216.0,191.9
ORD-0976,2025-08-07,Northeast,Technology,Wireless Mouse,9,29.99,0.05,256.41,117.0,139.41
ORD-0977,2025-09-16,Central,Furniture,Standing Desk,9,329.99,0.1,2672.92,1845.0,827.92
ORD-0978,2025-08-15,Central,Office Supplies,Printer Paper,6,11.99,0.05,68.34,30.0,38.34
ORD-0979,2025-11-21,West,Furniture,Bookshelf,10,119.99,0,1199.9,680.0,519.9
ORD-0980,2025-10-16,Southeast,Office Supplies,Printer Paper,6,11.99,0.05,68.34,30.0,38.34
ORD-0981,2025-08-18,West,Technology,Laptop Stand,5,54.99,0.1,247.45,140.0,107.45
ORD-0982,2025-01-09,Southeast,Office Supplies,Notebook Pack,5,14.99,0,74.95,30.0,44.95
ORD-0983,2025-04-20,Central,Technology,Mechanical Keyboard,9,79.99,0.1,647.92,351.0,296.92
ORD-0984,2025-10-12,Southeast,Technology,Laptop Stand,8,54.99,0,439.92,224.0,215.92
ORD-0985,2025-03-21,Southeast,Office Supplies,Printer Paper,10,11.99,0,119.9,50.0,69.9
ORD-0986,2025-04-30,Central,Office Supplies,Notebook Pack,10,14.99,0.05,142.41,60.0,82.41
ORD-0987,2025-10-19,Southeast,Furniture,Office Chair,12,189.99,0,2279.88,1260.0,1019.88
ORD-0988,2025-09-05,Southeast,Office Supplies,Notebook Pack,10,14.99,0.15,127.42,60.0,67.42
ORD-0989,2025-06-03,Northeast,Furniture,Desk Lamp,2,39.99,0,79.98,36.0,43.98
ORD-0990,2025-06-21,Central,Office Supplies,Gel Pen Set,2,9.99,0,19.98,7.0,12.98
ORD-0991,2025-12-01,Northeast,Furniture,Desk Lamp,1,39.99,0,39.99,18.0,21.99
ORD-0992,2025-09-26,Northeast,Office Supplies,Desk Organizer,6,24.99,0.1,134.95,60.0,74.95
ORD-0993,2025-12-24,Southeast,Technology,Laptop Stand,11,54.99,0.15,514.16,308.0,206.16
ORD-0994,2025-07-21,West,Furniture,Office Chair,4,189.99,0.05,721.96,420.0,301.96
ORD-0995,2025-05-29,West,Technology,Wireless Mouse,6,29.99,0,179.94,78.0,101.94
ORD-0996,2025-09-01,Northeast,Furniture,Desk Lamp,5,39.99,0,199.95,90.0,109.95
ORD-0997,2025-07-24,West,Furniture,Standing Desk,3,329.99,0.05,940.47,615.0,325.47
ORD-0998,2025-10-14,Southeast,Office Supplies,Gel Pen Set,11,9.99,0.1,98.9,38.5,60.4
ORD-0999,2025-04-11,Southeast,Technology,Laptop Stand,5,54.99,0.05,261.2,140.0,121.2
ORD-1000,2025-06-15,Northeast,Technology,USB-C Hub,7,44.99,0,314.93,140.0,174.93
